Time,Node,X,Y,Z,Speed
+1e+09ns,0,7.11442e+06,9139.96,2.58944e+06,7255.91
+1e+09ns,1,6.37094e+06,29999.9,1.83696e-12,30000
+1e+09ns,1,6.37094e+06,29999.9,1.83696e-12,30000
+2e+09ns,0,7.1144e+06,18279.9,2.58943e+06,7255.91
+2e+09ns,1,6.37073e+06,59999.1,3.67389e-12,30000
+2e+09ns,1,6.37073e+06,59999.1,3.67389e-12,30000
+3e+09ns,0,7.11437e+06,27419.8,2.58942e+06,7255.91
+3e+09ns,1,6.37037e+06,89997,5.51073e-12,30000
+3e+09ns,1,6.37037e+06,89997,5.51073e-12,30000
+4e+09ns,0,7.11434e+06,36559.7,2.58941e+06,7255.91
+4e+09ns,1,6.36988e+06,119993,7.34745e-12,30000
+4e+09ns,1,6.36988e+06,119993,7.34745e-12,30000
+5e+09ns,0,7.11429e+06,45699.5,2.5894e+06,7255.91
+5e+09ns,1,6.36924e+06,149986,9.184e-12,30000
+5e+09ns,1,6.36924e+06,149986,9.184e-12,30000
+6e+09ns,0,7.11423e+06,54839.3,2.58938e+06,7255.91
+6e+09ns,1,6.36847e+06,179976,1.10204e-11,30000
+6e+09ns,1,6.36847e+06,179976,1.10204e-11,30000
+7e+09ns,0,7.11416e+06,63979,2.58936e+06,7255.91
+7e+09ns,1,6.36755e+06,209962,1.28565e-11,30000
+7e+09ns,1,6.36755e+06,209962,1.28565e-11,30000
+8e+09ns,0,7.11408e+06,73118.6,2.58933e+06,7255.91
+8e+09ns,1,6.36649e+06,239943,1.46923e-11,30000
+8e+09ns,1,6.36649e+06,239943,1.46923e-11,30000
+9e+09ns,0,7.114e+06,82258,2.5893e+06,7255.91
+9e+09ns,1,6.36529e+06,269919,1.65278e-11,30000
+9e+09ns,1,6.36529e+06,269919,1.65278e-11,30000
+1e+10ns,0,7.1139e+06,91397.4,2.58927e+06,7255.91
+1e+10ns,1,6.36395e+06,299889,1.83629e-11,30000
+1e+10ns,1,6.36395e+06,299889,1.83629e-11,30000
+1.1e+10ns,0,7.11378e+06,100537,2.58923e+06,7255.91
+1.1e+10ns,1,6.36246e+06,329852,2.01976e-11,30000
+1.1e+10ns,1,6.36246e+06,329852,2.01976e-11,30000
+1.2e+10ns,0,7.11366e+06,109676,2.5892e+06,7255.91
+1.2e+10ns,1,6.36084e+06,359808,2.20319e-11,30000
+1.2e+10ns,1,6.36084e+06,359808,2.20319e-11,30000
+1.3e+10ns,0,7.11353e+06,118815,2.58915e+06,7255.91
+1.3e+10ns,1,6.35908e+06,389756,2.38657e-11,30000
+1.3e+10ns,1,6.35908e+06,389756,2.38657e-11,30000
+1.4e+10ns,0,7.11339e+06,127953,2.58911e+06,7255.91
+1.4e+10ns,1,6.35717e+06,419696,2.5699e-11,30000
+1.4e+10ns,1,6.35717e+06,419696,2.5699e-11,30000
+1.5e+10ns,0,7.11324e+06,137092,2.58906e+06,7255.91
+1.5e+10ns,1,6.35512e+06,449626,2.75316e-11,30000
+1.5e+10ns,1,6.35512e+06,449626,2.75316e-11,30000
+1.6e+10ns,0,7.11307e+06,146230,2.58901e+06,7255.91
+1.6e+10ns,1,6.35294e+06,479546,2.93637e-11,30000
+1.6e+10ns,1,6.35294e+06,479546,2.93637e-11,30000
+1.7e+10ns,0,7.1129e+06,155368,2.58895e+06,7255.91
+1.7e+10ns,1,6.35061e+06,509455,3.11952e-11,30000
+1.7e+10ns,1,6.35061e+06,509455,3.11952e-11,30000
+1.8e+10ns,0,7.11272e+06,164506,2.58889e+06,7255.91
+1.8e+10ns,1,6.34814e+06,539354,3.30259e-11,30000
+1.8e+10ns,1,6.34814e+06,539354,3.30259e-11,30000
+1.9e+10ns,0,7.11252e+06,173644,2.58883e+06,7255.91
+1.9e+10ns,1,6.34553e+06,569240,3.48559e-11,30000
+1.9e+10ns,1,6.34553e+06,569240,3.48559e-11,30000
+2e+10ns,0,7.11232e+06,182781,2.58877e+06,7255.91
+2e+10ns,1,6.34278e+06,599113,3.66851e-11,30000
+2e+10ns,1,6.34278e+06,599113,3.66851e-11,30000
+2.1e+10ns,0,7.1121e+06,191919,2.5887e+06,7255.91
+2.1e+10ns,1,6.33989e+06,628974,3.85135e-11,30000
+2.1e+10ns,1,6.33989e+06,628974,3.85135e-11,30000
+2.2e+10ns,0,7.11188e+06,201055,2.58862e+06,7255.91
+2.2e+10ns,1,6.33685e+06,658820,4.03411e-11,30000
+2.2e+10ns,1,6.33685e+06,658820,4.03411e-11,30000
+2.3e+10ns,0,7.11164e+06,210192,2.58855e+06,7255.91
+2.3e+10ns,1,6.33368e+06,688652,4.21678e-11,30000
+2.3e+10ns,1,6.33368e+06,688652,4.21678e-11,30000
+2.4e+10ns,0,7.11139e+06,219328,2.58847e+06,7255.91
+2.4e+10ns,1,6.33037e+06,718468,4.39935e-11,30000
+2.4e+10ns,1,6.33037e+06,718468,4.39935e-11,30000
+2.5e+10ns,0,7.11113e+06,228464,2.58839e+06,7255.91
+2.5e+10ns,1,6.32691e+06,748269,4.58183e-11,30000
+2.5e+10ns,1,6.32691e+06,748269,4.58183e-11,30000
+2.6e+10ns,0,7.11087e+06,237600,2.5883e+06,7255.91
+2.6e+10ns,1,6.32332e+06,778053,4.7642e-11,30000
+2.6e+10ns,1,6.32332e+06,778053,4.7642e-11,30000
+2.7e+10ns,0,7.11059e+06,246735,2.58821e+06,7255.91
+2.7e+10ns,1,6.31959e+06,807820,4.94647e-11,30000
+2.7e+10ns,1,6.31959e+06,807820,4.94647e-11,30000
+2.8e+10ns,0,7.1103e+06,255870,2.58812e+06,7255.91
+2.8e+10ns,1,6.31571e+06,837568,5.12863e-11,30000
+2.8e+10ns,1,6.31571e+06,837568,5.12863e-11,30000
+2.9e+10ns,0,7.11e+06,265005,2.58803e+06,7255.91
+2.9e+10ns,1,6.3117e+06,867299,5.31067e-11,30000
+2.9e+10ns,1,6.3117e+06,867299,5.31067e-11,30000
+3e+10ns,0,7.10969e+06,274139,2.58793e+06,7255.91
+3e+10ns,1,6.30755e+06,897010,5.4926e-11,30000
+3e+10ns,1,6.30755e+06,897010,5.4926e-11,30000
+3.1e+10ns,0,7.10937e+06,283273,2.58782e+06,7255.91
+3.1e+10ns,1,6.30325e+06,926701,5.67441e-11,30000
+3.1e+10ns,1,6.30325e+06,926701,5.67441e-11,30000
+3.2e+10ns,0,7.10904e+06,292406,2.58772e+06,7255.91
+3.2e+10ns,1,6.29882e+06,956371,5.85609e-11,30000
+3.2e+10ns,1,6.29882e+06,956371,5.85609e-11,30000
+3.3e+10ns,0,7.10869e+06,301539,2.58761e+06,7255.91
+3.3e+10ns,1,6.29424e+06,986021,6.03764e-11,30000
+3.3e+10ns,1,6.29424e+06,986021,6.03764e-11,30000
+3.4e+10ns,0,7.10834e+06,310671,2.5875e+06,7255.91
+3.4e+10ns,1,6.28953e+06,1.01565e+06,6.21905e-11,30000
+3.4e+10ns,1,6.28953e+06,1.01565e+06,6.21905e-11,30000
+3.5e+10ns,0,7.10798e+06,319803,2.58738e+06,7255.91
+3.5e+10ns,1,6.28468e+06,1.04525e+06,6.40033e-11,30000
+3.5e+10ns,1,6.28468e+06,1.04525e+06,6.40033e-11,30000
+3.6e+10ns,0,7.10761e+06,328935,2.58726e+06,7255.91
+3.6e+10ns,1,6.27969e+06,1.07483e+06,6.58147e-11,30000
+3.6e+10ns,1,6.27969e+06,1.07483e+06,6.58147e-11,30000
+3.7e+10ns,0,7.10722e+06,338066,2.58714e+06,7255.91
+3.7e+10ns,1,6.27456e+06,1.10439e+06,6.76246e-11,30000
+3.7e+10ns,1,6.27456e+06,1.10439e+06,6.76246e-11,30000
+3.8e+10ns,0,7.10683e+06,347197,2.58701e+06,7255.91
+3.8e+10ns,1,6.26929e+06,1.13393e+06,6.9433e-11,30000
+3.8e+10ns,1,6.26929e+06,1.13393e+06,6.9433e-11,30000
+3.9e+10ns,0,7.10642e+06,356327,2.58688e+06,7255.91
+3.9e+10ns,1,6.26388e+06,1.16343e+06,7.12398e-11,30000
+3.9e+10ns,1,6.26388e+06,1.16343e+06,7.12398e-11,30000
+4e+10ns,0,7.10601e+06,365456,2.58675e+06,7255.91
+4e+10ns,1,6.25833e+06,1.19292e+06,7.30451e-11,30000
+4e+10ns,1,6.25833e+06,1.19292e+06,7.30451e-11,30000
+4.1e+10ns,0,7.10558e+06,374585,2.58662e+06,7255.91
+4.1e+10ns,1,6.25264e+06,1.22237e+06,7.48488e-11,30000
+4.1e+10ns,1,6.25264e+06,1.22237e+06,7.48488e-11,30000
+4.2e+10ns,0,7.10514e+06,383714,2.58648e+06,7255.91
+4.2e+10ns,1,6.24682e+06,1.2518e+06,7.66508e-11,30000
+4.2e+10ns,1,6.24682e+06,1.2518e+06,7.66508e-11,30000
+4.3e+10ns,0,7.1047e+06,392842,2.58633e+06,7255.91
+4.3e+10ns,1,6.24086e+06,1.2812e+06,7.84511e-11,30000
+4.3e+10ns,1,6.24086e+06,1.2812e+06,7.84511e-11,30000
+4.4e+10ns,0,7.10424e+06,401969,2.58619e+06,7255.91
+4.4e+10ns,1,6.23475e+06,1.31058e+06,8.02497e-11,30000
+4.4e+10ns,1,6.23475e+06,1.31058e+06,8.02497e-11,30000
+4.5e+10ns,0,7.10377e+06,411096,2.58604e+06,7255.91
+4.5e+10ns,1,6.22851e+06,1.33992e+06,8.20464e-11,30000
+4.5e+10ns,1,6.22851e+06,1.33992e+06,8.20464e-11,30000
+4.6e+10ns,0,7.10329e+06,420222,2.58588e+06,7255.91
+4.6e+10ns,1,6.22213e+06,1.36923e+06,8.38414e-11,30000
+4.6e+10ns,1,6.22213e+06,1.36923e+06,8.38414e-11,30000
+4.7e+10ns,0,7.10281e+06,429347,2.58573e+06,7255.91
+4.7e+10ns,1,6.21562e+06,1.39852e+06,8.56345e-11,30000
+4.7e+10ns,1,6.21562e+06,1.39852e+06,8.56345e-11,30000
+4.8e+10ns,0,7.10231e+06,438472,2.58557e+06,7255.91
+4.8e+10ns,1,6.20896e+06,1.42777e+06,8.74257e-11,30000
+4.8e+10ns,1,6.20896e+06,1.42777e+06,8.74257e-11,30000
+4.9e+10ns,0,7.1018e+06,447597,2.58541e+06,7255.91
+4.9e+10ns,1,6.20217e+06,1.45699e+06,8.9215e-11,30000
+4.9e+10ns,1,6.20217e+06,1.45699e+06,8.9215e-11,30000
+5e+10ns,0,7.10128e+06,456720,2.58524e+06,7255.91
+5e+10ns,1,6.19524e+06,1.48618e+06,9.10023e-11,30000
+5e+10ns,1,6.19524e+06,1.48618e+06,9.10023e-11,30000
+5.1e+10ns,0,7.10074e+06,465843,2.58507e+06,7255.91
+5.1e+10ns,1,6.18818e+06,1.51534e+06,9.27876e-11,30000
+5.1e+10ns,1,6.18818e+06,1.51534e+06,9.27876e-11,30000
+5.2e+10ns,0,7.1002e+06,474966,2.5849e+06,7255.91
+5.2e+10ns,1,6.18097e+06,1.54446e+06,9.45708e-11,30000
+5.2e+10ns,1,6.18097e+06,1.54446e+06,9.45708e-11,30000
+5.3e+10ns,0,7.09965e+06,484087,2.58472e+06,7255.91
+5.3e+10ns,1,6.17363e+06,1.57355e+06,9.63519e-11,30000
+5.3e+10ns,1,6.17363e+06,1.57355e+06,9.63519e-11,30000
+5.4e+10ns,0,7.09909e+06,493208,2.58454e+06,7255.91
+5.4e+10ns,1,6.16615e+06,1.6026e+06,9.81309e-11,30000
+5.4e+10ns,1,6.16615e+06,1.6026e+06,9.81309e-11,30000
+5.5e+10ns,0,7.09852e+06,502328,2.58436e+06,7255.91
+5.5e+10ns,1,6.15854e+06,1.63162e+06,9.99077e-11,30000
+5.5e+10ns,1,6.15854e+06,1.63162e+06,9.99077e-11,30000
+5.6e+10ns,0,7.09793e+06,511448,2.58417e+06,7255.91
+5.6e+10ns,1,6.15079e+06,1.6606e+06,1.01682e-10,30000
+5.6e+10ns,1,6.15079e+06,1.6606e+06,1.01682e-10,30000
+5.7e+10ns,0,7.09734e+06,520566,2.58398e+06,7255.91
+5.7e+10ns,1,6.1429e+06,1.68954e+06,1.03455e-10,30000
+5.7e+10ns,1,6.1429e+06,1.68954e+06,1.03455e-10,30000
+5.8e+10ns,0,7.09673e+06,529684,2.58379e+06,7255.91
+5.8e+10ns,1,6.13487e+06,1.71845e+06,1.05225e-10,30000
+5.8e+10ns,1,6.13487e+06,1.71845e+06,1.05225e-10,30000
+5.9e+10ns,0,7.09612e+06,538801,2.58359e+06,7255.91
+5.9e+10ns,1,6.12671e+06,1.74732e+06,1.06992e-10,30000
+5.9e+10ns,1,6.12671e+06,1.74732e+06,1.06992e-10,30000
+6e+10ns,0,7.09549e+06,547918,2.58339e+06,7255.91
+6e+10ns,1,6.11842e+06,1.77615e+06,1.08758e-10,30000
+6e+10ns,1,6.11842e+06,1.77615e+06,1.08758e-10,30000
+6.1e+10ns,0,7.09486e+06,557033,2.58319e+06,7255.91
+6.1e+10ns,1,6.10999e+06,1.80494e+06,1.10521e-10,30000
+6.1e+10ns,1,6.10999e+06,1.80494e+06,1.10521e-10,30000
+6.2e+10ns,0,7.09421e+06,566148,2.58298e+06,7255.91
+6.2e+10ns,1,6.10142e+06,1.83369e+06,1.12281e-10,30000
+6.2e+10ns,1,6.10142e+06,1.83369e+06,1.12281e-10,30000
+6.3e+10ns,0,7.09356e+06,575262,2.58278e+06,7255.91
+6.3e+10ns,1,6.09272e+06,1.8624e+06,1.14039e-10,30000
+6.3e+10ns,1,6.09272e+06,1.8624e+06,1.14039e-10,30000
+6.4e+10ns,0,7.09289e+06,584375,2.58256e+06,7255.91
+6.4e+10ns,1,6.08388e+06,1.89107e+06,1.15795e-10,30000
+6.4e+10ns,1,6.08388e+06,1.89107e+06,1.15795e-10,30000
+6.5e+10ns,0,7.09221e+06,593487,2.58235e+06,7255.91
+6.5e+10ns,1,6.07491e+06,1.9197e+06,1.17547e-10,30000
+6.5e+10ns,1,6.07491e+06,1.9197e+06,1.17547e-10,30000
+6.6e+10ns,0,7.09152e+06,602599,2.58213e+06,7255.91
+6.6e+10ns,1,6.0658e+06,1.94828e+06,1.19298e-10,30000
+6.6e+10ns,1,6.0658e+06,1.94828e+06,1.19298e-10,30000
+6.7e+10ns,0,7.09082e+06,611709,2.5819e+06,7255.91
+6.7e+10ns,1,6.05656e+06,1.97682e+06,1.21045e-10,30000
+6.7e+10ns,1,6.05656e+06,1.97682e+06,1.21045e-10,30000
+6.8e+10ns,0,7.09011e+06,620819,2.58168e+06,7255.91
+6.8e+10ns,1,6.04719e+06,2.00532e+06,1.2279e-10,30000
+6.8e+10ns,1,6.04719e+06,2.00532e+06,1.2279e-10,30000
+6.9e+10ns,0,7.08939e+06,629927,2.58145e+06,7255.91
+6.9e+10ns,1,6.03768e+06,2.03377e+06,1.24533e-10,30000
+6.9e+10ns,1,6.03768e+06,2.03377e+06,1.24533e-10,30000
+7e+10ns,0,7.08866e+06,639035,2.58121e+06,7255.91
+7e+10ns,1,6.02803e+06,2.06218e+06,1.26272e-10,30000
+7e+10ns,1,6.02803e+06,2.06218e+06,1.26272e-10,30000
+7.1e+10ns,0,7.08792e+06,648142,2.58098e+06,7255.91
+7.1e+10ns,1,6.01825e+06,2.09054e+06,1.28009e-10,30000
+7.1e+10ns,1,6.01825e+06,2.09054e+06,1.28009e-10,30000
+7.2e+10ns,0,7.08717e+06,657248,2.58074e+06,7255.91
+7.2e+10ns,1,6.00834e+06,2.11886e+06,1.29743e-10,30000
+7.2e+10ns,1,6.00834e+06,2.11886e+06,1.29743e-10,30000
+7.3e+10ns,0,7.08641e+06,666353,2.58049e+06,7255.91
+7.3e+10ns,1,5.9983e+06,2.14713e+06,1.31474e-10,30000
+7.3e+10ns,1,5.9983e+06,2.14713e+06,1.31474e-10,30000
+7.4e+10ns,0,7.08564e+06,675457,2.58025e+06,7255.91
+7.4e+10ns,1,5.98812e+06,2.17535e+06,1.33202e-10,30000
+7.4e+10ns,1,5.98812e+06,2.17535e+06,1.33202e-10,30000
+7.5e+10ns,0,7.08486e+06,684560,2.58e+06,7255.91
+7.5e+10ns,1,5.97781e+06,2.20352e+06,1.34927e-10,30000
+7.5e+10ns,1,5.97781e+06,2.20352e+06,1.34927e-10,30000
+7.6e+10ns,0,7.08406e+06,693662,2.57974e+06,7255.91
+7.6e+10ns,1,5.96737e+06,2.23164e+06,1.36649e-10,30000
+7.6e+10ns,1,5.96737e+06,2.23164e+06,1.36649e-10,30000
+7.7e+10ns,0,7.08326e+06,702763,2.57949e+06,7255.91
+7.7e+10ns,1,5.9568e+06,2.25972e+06,1.38368e-10,30000
+7.7e+10ns,1,5.9568e+06,2.25972e+06,1.38368e-10,30000
+7.8e+10ns,0,7.08244e+06,711863,2.57923e+06,7255.91
+7.8e+10ns,1,5.94609e+06,2.28774e+06,1.40084e-10,30000
+7.8e+10ns,1,5.94609e+06,2.28774e+06,1.40084e-10,30000
+7.9e+10ns,0,7.08162e+06,720962,2.57896e+06,7255.91
+7.9e+10ns,1,5.93525e+06,2.31572e+06,1.41797e-10,30000
+7.9e+10ns,1,5.93525e+06,2.31572e+06,1.41797e-10,30000
+8e+10ns,0,7.08078e+06,730059,2.5787e+06,7255.91
+8e+10ns,1,5.92428e+06,2.34364e+06,1.43506e-10,30000
+8e+10ns,1,5.92428e+06,2.34364e+06,1.43506e-10,30000
+8.1e+10ns,0,7.07994e+06,739156,2.57843e+06,7255.91
+8.1e+10ns,1,5.91318e+06,2.37151e+06,1.45213e-10,30000
+8.1e+10ns,1,5.91318e+06,2.37151e+06,1.45213e-10,30000
+8.2e+10ns,0,7.07908e+06,748252,2.57815e+06,7255.91
+8.2e+10ns,1,5.90195e+06,2.39933e+06,1.46916e-10,30000
+8.2e+10ns,1,5.90195e+06,2.39933e+06,1.46916e-10,30000
+8.3e+10ns,0,7.07822e+06,757346,2.57788e+06,7255.91
+8.3e+10ns,1,5.89058e+06,2.42709e+06,1.48616e-10,30000
+8.3e+10ns,1,5.89058e+06,2.42709e+06,1.48616e-10,30000
+8.4e+10ns,0,7.07734e+06,766440,2.5776e+06,7255.91
+8.4e+10ns,1,5.87909e+06,2.4548e+06,1.50313e-10,30000
+8.4e+10ns,1,5.87909e+06,2.4548e+06,1.50313e-10,30000
+8.5e+10ns,0,7.07645e+06,775532,2.57731e+06,7255.91
+8.5e+10ns,1,5.86747e+06,2.48246e+06,1.52007e-10,30000
+8.5e+10ns,1,5.86747e+06,2.48246e+06,1.52007e-10,30000
+8.6e+10ns,0,7.07555e+06,784624,2.57703e+06,7255.91
+8.6e+10ns,1,5.85571e+06,2.51006e+06,1.53697e-10,30000
+8.6e+10ns,1,5.85571e+06,2.51006e+06,1.53697e-10,30000
+8.7e+10ns,0,7.07465e+06,793714,2.57674e+06,7255.91
+8.7e+10ns,1,5.84383e+06,2.5376e+06,1.55383e-10,30000
+8.7e+10ns,1,5.84383e+06,2.5376e+06,1.55383e-10,30000
+8.8e+10ns,0,7.07373e+06,802803,2.57644e+06,7255.91
+8.8e+10ns,1,5.83181e+06,2.56509e+06,1.57067e-10,30000
+8.8e+10ns,1,5.83181e+06,2.56509e+06,1.57067e-10,30000
+8.9e+10ns,0,7.0728e+06,811890,2.57615e+06,7255.91
+8.9e+10ns,1,5.81967e+06,2.59253e+06,1.58746e-10,30000
+8.9e+10ns,1,5.81967e+06,2.59253e+06,1.58746e-10,30000
+9e+10ns,0,7.07186e+06,820977,2.57585e+06,7255.91
+9e+10ns,1,5.8074e+06,2.6199e+06,1.60423e-10,30000
+9e+10ns,1,5.8074e+06,2.6199e+06,1.60423e-10,30000
+9.1e+10ns,0,7.07091e+06,830062,2.57554e+06,7255.91
+9.1e+10ns,1,5.795e+06,2.64722e+06,1.62095e-10,30000
+9.1e+10ns,1,5.795e+06,2.64722e+06,1.62095e-10,30000
+9.2e+10ns,0,7.06995e+06,839147,2.57524e+06,7255.91
+9.2e+10ns,1,5.78247e+06,2.67448e+06,1.63764e-10,30000
+9.2e+10ns,1,5.78247e+06,2.67448e+06,1.63764e-10,30000
+9.3e+10ns,0,7.06898e+06,848230,2.57493e+06,7255.91
+9.3e+10ns,1,5.76981e+06,2.70168e+06,1.6543e-10,30000
+9.3e+10ns,1,5.76981e+06,2.70168e+06,1.6543e-10,30000
+9.4e+10ns,0,7.068e+06,857311,2.57461e+06,7255.91
+9.4e+10ns,1,5.75702e+06,2.72881e+06,1.67092e-10,30000
+9.4e+10ns,1,5.75702e+06,2.72881e+06,1.67092e-10,30000
+9.5e+10ns,0,7.067e+06,866392,2.5743e+06,7255.91
+9.5e+10ns,1,5.74411e+06,2.75589e+06,1.6875e-10,30000
+9.5e+10ns,1,5.74411e+06,2.75589e+06,1.6875e-10,30000
+9.6e+10ns,0,7.066e+06,875471,2.57398e+06,7255.91
+9.6e+10ns,1,5.73107e+06,2.78291e+06,1.70404e-10,30000
+9.6e+10ns,1,5.73107e+06,2.78291e+06,1.70404e-10,30000
+9.7e+10ns,0,7.06499e+06,884549,2.57365e+06,7255.91
+9.7e+10ns,1,5.7179e+06,2.80987e+06,1.72055e-10,30000
+9.7e+10ns,1,5.7179e+06,2.80987e+06,1.72055e-10,30000
+9.8e+10ns,0,7.06397e+06,893626,2.57333e+06,7255.91
+9.8e+10ns,1,5.70461e+06,2.83676e+06,1.73701e-10,30000
+9.8e+10ns,1,5.70461e+06,2.83676e+06,1.73701e-10,30000
+9.9e+10ns,0,7.06293e+06,902701,2.573e+06,7255.91
+9.9e+10ns,1,5.69119e+06,2.86359e+06,1.75344e-10,30000
+9.9e+10ns,1,5.69119e+06,2.86359e+06,1.75344e-10,30000
+1e+11ns,0,7.06189e+06,911775,2.57266e+06,7255.91
+1e+11ns,1,5.67764e+06,2.89036e+06,1.76983e-10,30000
+1e+11ns,1,5.67764e+06,2.89036e+06,1.76983e-10,30000
+1.01e+11ns,0,7.06083e+06,920848,2.57233e+06,7255.91
+1.01e+11ns,1,5.66397e+06,2.91706e+06,1.78618e-10,30000
+1.01e+11ns,1,5.66397e+06,2.91706e+06,1.78618e-10,30000
+1.02e+11ns,0,7.05977e+06,929919,2.57199e+06,7255.91
+1.02e+11ns,1,5.65017e+06,2.9437e+06,1.8025e-10,30000
+1.02e+11ns,1,5.65017e+06,2.9437e+06,1.8025e-10,30000
+1.03e+11ns,0,7.05869e+06,938989,2.57164e+06,7255.91
+1.03e+11ns,1,5.63624e+06,2.97027e+06,1.81877e-10,30000
+1.03e+11ns,1,5.63624e+06,2.97027e+06,1.81877e-10,30000
+1.04e+11ns,0,7.05761e+06,948058,2.57129e+06,7255.91
+1.04e+11ns,1,5.62219e+06,2.99678e+06,1.835e-10,30000
+1.04e+11ns,1,5.62219e+06,2.99678e+06,1.835e-10,30000
+1.05e+11ns,0,7.05651e+06,957125,2.57094e+06,7255.91
+1.05e+11ns,1,5.60802e+06,3.02322e+06,1.85119e-10,30000
+1.05e+11ns,1,5.60802e+06,3.02322e+06,1.85119e-10,30000
+1.06e+11ns,0,7.0554e+06,966191,2.57059e+06,7255.91
+1.06e+11ns,1,5.59372e+06,3.04959e+06,1.86734e-10,30000
+1.06e+11ns,1,5.59372e+06,3.04959e+06,1.86734e-10,30000
+1.07e+11ns,0,7.05429e+06,975255,2.57023e+06,7255.91
+1.07e+11ns,1,5.5793e+06,3.0759e+06,1.88344e-10,30000
+1.07e+11ns,1,5.5793e+06,3.0759e+06,1.88344e-10,30000
+1.08e+11ns,0,7.05316e+06,984318,2.56987e+06,7255.91
+1.08e+11ns,1,5.56476e+06,3.10214e+06,1.89951e-10,30000
+1.08e+11ns,1,5.56476e+06,3.10214e+06,1.89951e-10,30000
+1.09e+11ns,0,7.05202e+06,993380,2.56951e+06,7255.91
+1.09e+11ns,1,5.55009e+06,3.12831e+06,1.91553e-10,30000
+1.09e+11ns,1,5.55009e+06,3.12831e+06,1.91553e-10,30000
+1.1e+11ns,0,7.05087e+06,1.00244e+06,2.56914e+06,7255.91
+1.1e+11ns,1,5.53529e+06,3.15441e+06,1.93152e-10,30000
+1.1e+11ns,1,5.53529e+06,3.15441e+06,1.93152e-10,30000
+1.11e+11ns,0,7.04971e+06,1.0115e+06,2.56877e+06,7255.91
+1.11e+11ns,1,5.52038e+06,3.18043e+06,1.94745e-10,30000
+1.11e+11ns,1,5.52038e+06,3.18043e+06,1.94745e-10,30000
+1.12e+11ns,0,7.04854e+06,1.02056e+06,2.5684e+06,7255.91
+1.12e+11ns,1,5.50534e+06,3.20639e+06,1.96335e-10,30000
+1.12e+11ns,1,5.50534e+06,3.20639e+06,1.96335e-10,30000
+1.13e+11ns,0,7.04736e+06,1.02961e+06,2.56802e+06,7255.91
+1.13e+11ns,1,5.49018e+06,3.23228e+06,1.9792e-10,30000
+1.13e+11ns,1,5.49018e+06,3.23228e+06,1.9792e-10,30000
+1.14e+11ns,0,7.04617e+06,1.03867e+06,2.56764e+06,7255.91
+1.14e+11ns,1,5.4749e+06,3.2581e+06,1.99501e-10,30000
+1.14e+11ns,1,5.4749e+06,3.2581e+06,1.99501e-10,30000
+1.15e+11ns,0,7.04497e+06,1.04772e+06,2.56726e+06,7255.91
+1.15e+11ns,1,5.4595e+06,3.28384e+06,2.01077e-10,30000
+1.15e+11ns,1,5.4595e+06,3.28384e+06,2.01077e-10,30000
+1.16e+11ns,0,7.04376e+06,1.05677e+06,2.56687e+06,7255.91
+1.16e+11ns,1,5.44398e+06,3.30951e+06,2.02649e-10,30000
+1.16e+11ns,1,5.44398e+06,3.30951e+06,2.02649e-10,30000
+1.17e+11ns,0,7.04254e+06,1.06582e+06,2.56648e+06,7255.91
+1.17e+11ns,1,5.42833e+06,3.33511e+06,2.04217e-10,30000
+1.17e+11ns,1,5.42833e+06,3.33511e+06,2.04217e-10,30000
+1.18e+11ns,0,7.04131e+06,1.07487e+06,2.56609e+06,7255.91
+1.18e+11ns,1,5.41257e+06,3.36064e+06,2.0578e-10,30000
+1.18e+11ns,1,5.41257e+06,3.36064e+06,2.0578e-10,30000
+1.19e+11ns,0,7.04007e+06,1.08391e+06,2.56569e+06,7255.91
+1.19e+11ns,1,5.39668e+06,3.38609e+06,2.07338e-10,30000
+1.19e+11ns,1,5.39668e+06,3.38609e+06,2.07338e-10,30000
+1.2e+11ns,0,7.03881e+06,1.09296e+06,2.56529e+06,7255.91
+1.2e+11ns,1,5.38068e+06,3.41146e+06,2.08892e-10,30000
+1.2e+11ns,1,5.38068e+06,3.41146e+06,2.08892e-10,30000
+1.21e+11ns,0,7.03755e+06,1.102e+06,2.56489e+06,7255.91
+1.21e+11ns,1,5.36455e+06,3.43676e+06,2.10441e-10,30000
+1.21e+11ns,1,5.36455e+06,3.43676e+06,2.10441e-10,30000
+1.22e+11ns,0,7.03628e+06,1.11104e+06,2.56448e+06,7255.91
+1.22e+11ns,1,5.34831e+06,3.46198e+06,2.11985e-10,30000
+1.22e+11ns,1,5.34831e+06,3.46198e+06,2.11985e-10,30000
+1.23e+11ns,0,7.03499e+06,1.12008e+06,2.56407e+06,7255.91
+1.23e+11ns,1,5.33195e+06,3.48713e+06,2.13525e-10,30000
+1.23e+11ns,1,5.33195e+06,3.48713e+06,2.13525e-10,30000
+1.24e+11ns,0,7.0337e+06,1.12912e+06,2.56366e+06,7255.91
+1.24e+11ns,1,5.31547e+06,3.5122e+06,2.1506e-10,30000
+1.24e+11ns,1,5.31547e+06,3.5122e+06,2.1506e-10,30000
+1.25e+11ns,0,7.03239e+06,1.13816e+06,2.56324e+06,7255.91
+1.25e+11ns,1,5.29887e+06,3.53719e+06,2.1659e-10,30000
+1.25e+11ns,1,5.29887e+06,3.53719e+06,2.1659e-10,30000
+1.26e+11ns,0,7.03108e+06,1.14719e+06,2.56282e+06,7255.91
+1.26e+11ns,1,5.28216e+06,3.5621e+06,2.18116e-10,30000
+1.26e+11ns,1,5.28216e+06,3.5621e+06,2.18116e-10,30000
+1.27e+11ns,0,7.02975e+06,1.15623e+06,2.5624e+06,7255.91
+1.27e+11ns,1,5.26533e+06,3.58693e+06,2.19636e-10,30000
+1.27e+11ns,1,5.26533e+06,3.58693e+06,2.19636e-10,30000
+1.28e+11ns,0,7.02842e+06,1.16526e+06,2.56197e+06,7255.91
+1.28e+11ns,1,5.24838e+06,3.61169e+06,2.21152e-10,30000
+1.28e+11ns,1,5.24838e+06,3.61169e+06,2.21152e-10,30000
+1.29e+11ns,0,7.02707e+06,1.17429e+06,2.56154e+06,7255.91
+1.29e+11ns,1,5.23131e+06,3.63636e+06,2.22663e-10,30000
+1.29e+11ns,1,5.23131e+06,3.63636e+06,2.22663e-10,30000
+1.3e+11ns,0,7.02571e+06,1.18332e+06,2.56111e+06,7255.91
+1.3e+11ns,1,5.21413e+06,3.66095e+06,2.24169e-10,30000
+1.3e+11ns,1,5.21413e+06,3.66095e+06,2.24169e-10,30000
+1.31e+11ns,0,7.02435e+06,1.19234e+06,2.56067e+06,7255.91
+1.31e+11ns,1,5.19684e+06,3.68546e+06,2.2567e-10,30000
+1.31e+11ns,1,5.19684e+06,3.68546e+06,2.2567e-10,30000
+1.32e+11ns,0,7.02297e+06,1.20137e+06,2.56023e+06,7255.91
+1.32e+11ns,1,5.17943e+06,3.70989e+06,2.27165e-10,30000
+1.32e+11ns,1,5.17943e+06,3.70989e+06,2.27165e-10,30000
+1.33e+11ns,0,7.02158e+06,1.21039e+06,2.55979e+06,7255.91
+1.33e+11ns,1,5.1619e+06,3.73424e+06,2.28656e-10,30000
+1.33e+11ns,1,5.1619e+06,3.73424e+06,2.28656e-10,30000
+1.34e+11ns,0,7.02018e+06,1.21941e+06,2.55934e+06,7255.91
+1.34e+11ns,1,5.14426e+06,3.75851e+06,2.30142e-10,30000
+1.34e+11ns,1,5.14426e+06,3.75851e+06,2.30142e-10,30000
+1.35e+11ns,0,7.01878e+06,1.22843e+06,2.55889e+06,7255.91
+1.35e+11ns,1,5.1265e+06,3.78269e+06,2.31623e-10,30000
+1.35e+11ns,1,5.1265e+06,3.78269e+06,2.31623e-10,30000
+1.36e+11ns,0,7.01736e+06,1.23745e+06,2.55844e+06,7255.91
+1.36e+11ns,1,5.10863e+06,3.80679e+06,2.33098e-10,30000
+1.36e+11ns,1,5.10863e+06,3.80679e+06,2.33098e-10,30000
+1.37e+11ns,0,7.01593e+06,1.24647e+06,2.55798e+06,7255.91
+1.37e+11ns,1,5.09065e+06,3.8308e+06,2.34569e-10,30000
+1.37e+11ns,1,5.09065e+06,3.8308e+06,2.34569e-10,30000
+1.38e+11ns,0,7.01449e+06,1.25548e+06,2.55752e+06,7255.91
+1.38e+11ns,1,5.07256e+06,3.85473e+06,2.36034e-10,30000
+1.38e+11ns,1,5.07256e+06,3.85473e+06,2.36034e-10,30000
+1.39e+11ns,0,7.01304e+06,1.26449e+06,2.55706e+06,7255.91
+1.39e+11ns,1,5.05435e+06,3.87857e+06,2.37494e-10,30000
+1.39e+11ns,1,5.05435e+06,3.87857e+06,2.37494e-10,30000
+1.4e+11ns,0,7.01158e+06,1.2735e+06,2.55659e+06,7255.91
+1.4e+11ns,1,5.03603e+06,3.90233e+06,2.38949e-10,30000
+1.4e+11ns,1,5.03603e+06,3.90233e+06,2.38949e-10,30000
+1.41e+11ns,0,7.01011e+06,1.28251e+06,2.55612e+06,7255.91
+1.41e+11ns,1,5.0176e+06,3.926e+06,2.40398e-10,30000
+1.41e+11ns,1,5.0176e+06,3.926e+06,2.40398e-10,30000
+1.42e+11ns,0,7.00862e+06,1.29152e+06,2.55565e+06,7255.91
+1.42e+11ns,1,4.99906e+06,3.94958e+06,2.41842e-10,30000
+1.42e+11ns,1,4.99906e+06,3.94958e+06,2.41842e-10,30000
+1.43e+11ns,0,7.00713e+06,1.30052e+06,2.55517e+06,7255.91
+1.43e+11ns,1,4.9804e+06,3.97308e+06,2.43281e-10,30000
+1.43e+11ns,1,4.9804e+06,3.97308e+06,2.43281e-10,30000
+1.44e+11ns,0,7.00563e+06,1.30953e+06,2.55469e+06,7255.91
+1.44e+11ns,1,4.96164e+06,3.99649e+06,2.44714e-10,30000
+1.44e+11ns,1,4.96164e+06,3.99649e+06,2.44714e-10,30000
+1.45e+11ns,0,7.00412e+06,1.31853e+06,2.55421e+06,7255.91
+1.45e+11ns,1,4.94277e+06,4.0198e+06,2.46142e-10,30000
+1.45e+11ns,1,4.94277e+06,4.0198e+06,2.46142e-10,30000
+1.46e+11ns,0,7.0026e+06,1.32753e+06,2.55372e+06,7255.91
+1.46e+11ns,1,4.92378e+06,4.04303e+06,2.47564e-10,30000
+1.46e+11ns,1,4.92378e+06,4.04303e+06,2.47564e-10,30000
+1.47e+11ns,0,7.00106e+06,1.33652e+06,2.55323e+06,7255.91
+1.47e+11ns,1,4.90469e+06,4.06617e+06,2.48981e-10,30000
+1.47e+11ns,1,4.90469e+06,4.06617e+06,2.48981e-10,30000
+1.48e+11ns,0,6.99952e+06,1.34552e+06,2.55274e+06,7255.91
+1.48e+11ns,1,4.88549e+06,4.08922e+06,2.50393e-10,30000
+1.48e+11ns,1,4.88549e+06,4.08922e+06,2.50393e-10,30000
+1.49e+11ns,0,6.99797e+06,1.35451e+06,2.55224e+06,7255.91
+1.49e+11ns,1,4.86618e+06,4.11218e+06,2.51799e-10,30000
+1.49e+11ns,1,4.86618e+06,4.11218e+06,2.51799e-10,30000
+1.5e+11ns,0,6.9964e+06,1.3635e+06,2.55174e+06,7255.91
+1.5e+11ns,1,4.84676e+06,4.13505e+06,2.53199e-10,30000
+1.5e+11ns,1,4.84676e+06,4.13505e+06,2.53199e-10,30000
+1.51e+11ns,0,6.99483e+06,1.37249e+06,2.55124e+06,7255.91
+1.51e+11ns,1,4.82724e+06,4.15783e+06,2.54594e-10,30000
+1.51e+11ns,1,4.82724e+06,4.15783e+06,2.54594e-10,30000
+1.52e+11ns,0,6.99324e+06,1.38148e+06,2.55073e+06,7255.91
+1.52e+11ns,1,4.8076e+06,4.18051e+06,2.55983e-10,30000
+1.52e+11ns,1,4.8076e+06,4.18051e+06,2.55983e-10,30000
+1.53e+11ns,0,6.99165e+06,1.39047e+06,2.55022e+06,7255.91
+1.53e+11ns,1,4.78787e+06,4.20311e+06,2.57366e-10,30000
+1.53e+11ns,1,4.78787e+06,4.20311e+06,2.57366e-10,30000
+1.54e+11ns,0,6.99004e+06,1.39945e+06,2.54971e+06,7255.91
+1.54e+11ns,1,4.76802e+06,4.2256e+06,2.58744e-10,30000
+1.54e+11ns,1,4.76802e+06,4.2256e+06,2.58744e-10,30000
+1.55e+11ns,0,6.98843e+06,1.40843e+06,2.5492e+06,7255.91
+1.55e+11ns,1,4.74807e+06,4.24801e+06,2.60116e-10,30000
+1.55e+11ns,1,4.74807e+06,4.24801e+06,2.60116e-10,30000
+1.56e+11ns,0,6.9868e+06,1.41741e+06,2.54868e+06,7255.91
+1.56e+11ns,1,4.72801e+06,4.27032e+06,2.61482e-10,30000
+1.56e+11ns,1,4.72801e+06,4.27032e+06,2.61482e-10,30000
+1.57e+11ns,0,6.98516e+06,1.42639e+06,2.54815e+06,7255.91
+1.57e+11ns,1,4.70785e+06,4.29254e+06,2.62842e-10,30000
+1.57e+11ns,1,4.70785e+06,4.29254e+06,2.62842e-10,30000
+1.58e+11ns,0,6.98352e+06,1.43536e+06,2.54763e+06,7255.91
+1.58e+11ns,1,4.68759e+06,4.31466e+06,2.64197e-10,30000
+1.58e+11ns,1,4.68759e+06,4.31466e+06,2.64197e-10,30000
+1.59e+11ns,0,6.98186e+06,1.44434e+06,2.5471e+06,7255.91
+1.59e+11ns,1,4.66722e+06,4.33668e+06,2.65545e-10,30000
+1.59e+11ns,1,4.66722e+06,4.33668e+06,2.65545e-10,30000
+1.6e+11ns,0,6.98019e+06,1.45331e+06,2.54656e+06,7255.91
+1.6e+11ns,1,4.64675e+06,4.35861e+06,2.66888e-10,30000
+1.6e+11ns,1,4.64675e+06,4.35861e+06,2.66888e-10,30000
+1.61e+11ns,0,6.97851e+06,1.46227e+06,2.54603e+06,7255.91
+1.61e+11ns,1,4.62617e+06,4.38044e+06,2.68225e-10,30000
+1.61e+11ns,1,4.62617e+06,4.38044e+06,2.68225e-10,30000
+1.62e+11ns,0,6.97683e+06,1.47124e+06,2.54549e+06,7255.91
+1.62e+11ns,1,4.60549e+06,4.40218e+06,2.69556e-10,30000
+1.62e+11ns,1,4.60549e+06,4.40218e+06,2.69556e-10,30000
+1.63e+11ns,0,6.97513e+06,1.48021e+06,2.54495e+06,7255.91
+1.63e+11ns,1,4.58471e+06,4.42382e+06,2.70881e-10,30000
+1.63e+11ns,1,4.58471e+06,4.42382e+06,2.70881e-10,30000
+1.64e+11ns,0,6.97342e+06,1.48917e+06,2.5444e+06,7255.91
+1.64e+11ns,1,4.56383e+06,4.44536e+06,2.722e-10,30000
+1.64e+11ns,1,4.56383e+06,4.44536e+06,2.722e-10,30000
+1.65e+11ns,0,6.9717e+06,1.49813e+06,2.54385e+06,7255.91
+1.65e+11ns,1,4.54285e+06,4.4668e+06,2.73512e-10,30000
+1.65e+11ns,1,4.54285e+06,4.4668e+06,2.73512e-10,30000
+1.66e+11ns,0,6.96997e+06,1.50709e+06,2.5433e+06,7255.91
+1.66e+11ns,1,4.52177e+06,4.48814e+06,2.74819e-10,30000
+1.66e+11ns,1,4.52177e+06,4.48814e+06,2.74819e-10,30000
+1.67e+11ns,0,6.96823e+06,1.51604e+06,2.54274e+06,7255.91
+1.67e+11ns,1,4.50058e+06,4.50938e+06,2.7612e-10,30000
+1.67e+11ns,1,4.50058e+06,4.50938e+06,2.7612e-10,30000
+1.68e+11ns,0,6.96648e+06,1.525e+06,2.54218e+06,7255.91
+1.68e+11ns,1,4.4793e+06,4.53052e+06,2.77415e-10,30000
+1.68e+11ns,1,4.4793e+06,4.53052e+06,2.77415e-10,30000
+1.69e+11ns,0,6.96472e+06,1.53395e+06,2.54162e+06,7255.91
+1.69e+11ns,1,4.45792e+06,4.55156e+06,2.78703e-10,30000
+1.69e+11ns,1,4.45792e+06,4.55156e+06,2.78703e-10,30000
+1.7e+11ns,0,6.96295e+06,1.5429e+06,2.54106e+06,7255.91
+1.7e+11ns,1,4.43643e+06,4.57251e+06,2.79985e-10,30000
+1.7e+11ns,1,4.43643e+06,4.57251e+06,2.79985e-10,30000
+1.71e+11ns,0,6.96117e+06,1.55184e+06,2.54049e+06,7255.91
+1.71e+11ns,1,4.41485e+06,4.59335e+06,2.81261e-10,30000
+1.71e+11ns,1,4.41485e+06,4.59335e+06,2.81261e-10,30000
+1.72e+11ns,0,6.95938e+06,1.56079e+06,2.53991e+06,7255.91
+1.72e+11ns,1,4.39318e+06,4.61408e+06,2.82531e-10,30000
+1.72e+11ns,1,4.39318e+06,4.61408e+06,2.82531e-10,30000
+1.73e+11ns,0,6.95758e+06,1.56973e+06,2.53934e+06,7255.91
+1.73e+11ns,1,4.3714e+06,4.63472e+06,2.83795e-10,30000
+1.73e+11ns,1,4.3714e+06,4.63472e+06,2.83795e-10,30000
+1.74e+11ns,0,6.95577e+06,1.57867e+06,2.53876e+06,7255.91
+1.74e+11ns,1,4.34953e+06,4.65525e+06,2.85052e-10,30000
+1.74e+11ns,1,4.34953e+06,4.65525e+06,2.85052e-10,30000
+1.75e+11ns,0,6.95394e+06,1.58761e+06,2.53818e+06,7255.91
+1.75e+11ns,1,4.32756e+06,4.67568e+06,2.86303e-10,30000
+1.75e+11ns,1,4.32756e+06,4.67568e+06,2.86303e-10,30000
+1.76e+11ns,0,6.95211e+06,1.59654e+06,2.53759e+06,7255.91
+1.76e+11ns,1,4.30549e+06,4.69601e+06,2.87547e-10,30000
+1.76e+11ns,1,4.30549e+06,4.69601e+06,2.87547e-10,30000
+1.77e+11ns,0,6.95027e+06,1.60548e+06,2.537e+06,7255.91
+1.77e+11ns,1,4.28333e+06,4.71623e+06,2.88786e-10,30000
+1.77e+11ns,1,4.28333e+06,4.71623e+06,2.88786e-10,30000
+1.78e+11ns,0,6.94842e+06,1.61441e+06,2.53641e+06,7255.91
+1.78e+11ns,1,4.26108e+06,4.73635e+06,2.90018e-10,30000
+1.78e+11ns,1,4.26108e+06,4.73635e+06,2.90018e-10,30000
+1.79e+11ns,0,6.94655e+06,1.62333e+06,2.53582e+06,7255.91
+1.79e+11ns,1,4.23873e+06,4.75636e+06,2.91243e-10,30000
+1.79e+11ns,1,4.23873e+06,4.75636e+06,2.91243e-10,30000
+1.8e+11ns,0,6.94468e+06,1.63226e+06,2.53522e+06,7255.91
+1.8e+11ns,1,4.21628e+06,4.77626e+06,2.92462e-10,30000
+1.8e+11ns,1,4.21628e+06,4.77626e+06,2.92462e-10,30000
+1.81e+11ns,0,6.9428e+06,1.64118e+06,2.53461e+06,7255.91
+1.81e+11ns,1,4.19375e+06,4.79607e+06,2.93674e-10,30000
+1.81e+11ns,1,4.19375e+06,4.79607e+06,2.93674e-10,30000
+1.82e+11ns,0,6.9409e+06,1.6501e+06,2.53401e+06,7255.91
+1.82e+11ns,1,4.17112e+06,4.81576e+06,2.9488e-10,30000
+1.82e+11ns,1,4.17112e+06,4.81576e+06,2.9488e-10,30000
+1.83e+11ns,0,6.939e+06,1.65902e+06,2.5334e+06,7255.91
+1.83e+11ns,1,4.14839e+06,4.83535e+06,2.9608e-10,30000
+1.83e+11ns,1,4.14839e+06,4.83535e+06,2.9608e-10,30000
+1.84e+11ns,0,6.93708e+06,1.66794e+06,2.53279e+06,7255.91
+1.84e+11ns,1,4.12558e+06,4.85483e+06,2.97272e-10,30000
+1.84e+11ns,1,4.12558e+06,4.85483e+06,2.97272e-10,30000
+1.85e+11ns,0,6.93516e+06,1.67685e+06,2.53217e+06,7255.91
+1.85e+11ns,1,4.10267e+06,4.8742e+06,2.98459e-10,30000
+1.85e+11ns,1,4.10267e+06,4.8742e+06,2.98459e-10,30000
+1.86e+11ns,0,6.93322e+06,1.68577e+06,2.53156e+06,7255.91
+1.86e+11ns,1,4.07968e+06,4.89347e+06,2.99638e-10,30000
+1.86e+11ns,1,4.07968e+06,4.89347e+06,2.99638e-10,30000
+1.87e+11ns,0,6.93128e+06,1.69467e+06,2.53093e+06,7255.91
+1.87e+11ns,1,4.05659e+06,4.91262e+06,3.00811e-10,30000
+1.87e+11ns,1,4.05659e+06,4.91262e+06,3.00811e-10,30000
+1.88e+11ns,0,6.92932e+06,1.70358e+06,2.53031e+06,7255.91
+1.88e+11ns,1,4.03341e+06,4.93167e+06,3.01978e-10,30000
+1.88e+11ns,1,4.03341e+06,4.93167e+06,3.01978e-10,30000
+1.89e+11ns,0,6.92736e+06,1.71248e+06,2.52968e+06,7255.91
+1.89e+11ns,1,4.01014e+06,4.95061e+06,3.03137e-10,30000
+1.89e+11ns,1,4.01014e+06,4.95061e+06,3.03137e-10,30000
+1.9e+11ns,0,6.92538e+06,1.72139e+06,2.52905e+06,7255.91
+1.9e+11ns,1,3.98679e+06,4.96943e+06,3.0429e-10,30000
+1.9e+11ns,1,3.98679e+06,4.96943e+06,3.0429e-10,30000
+1.91e+11ns,0,6.9234e+06,1.73029e+06,2.52841e+06,7255.91
+1.91e+11ns,1,3.96334e+06,4.98815e+06,3.05436e-10,30000
+1.91e+11ns,1,3.96334e+06,4.98815e+06,3.05436e-10,30000
+1.92e+11ns,0,6.9214e+06,1.73918e+06,2.52778e+06,7255.91
+1.92e+11ns,1,3.93981e+06,5.00676e+06,3.06576e-10,30000
+1.92e+11ns,1,3.93981e+06,5.00676e+06,3.06576e-10,30000
+1.93e+11ns,0,6.91939e+06,1.74808e+06,2.52713e+06,7255.91
+1.93e+11ns,1,3.91619e+06,5.02526e+06,3.07708e-10,30000
+1.93e+11ns,1,3.91619e+06,5.02526e+06,3.07708e-10,30000
+1.94e+11ns,0,6.91738e+06,1.75697e+06,2.52649e+06,7255.91
+1.94e+11ns,1,3.89249e+06,5.04364e+06,3.08834e-10,30000
+1.94e+11ns,1,3.89249e+06,5.04364e+06,3.08834e-10,30000
+1.95e+11ns,0,6.91535e+06,1.76586e+06,2.52584e+06,7255.91
+1.95e+11ns,1,3.86869e+06,5.06191e+06,3.09953e-10,30000
+1.95e+11ns,1,3.86869e+06,5.06191e+06,3.09953e-10,30000
+1.96e+11ns,0,6.91331e+06,1.77474e+06,2.52519e+06,7255.91
+1.96e+11ns,1,3.84481e+06,5.08008e+06,3.11065e-10,30000
+1.96e+11ns,1,3.84481e+06,5.08008e+06,3.11065e-10,30000
+1.97e+11ns,0,6.91126e+06,1.78363e+06,2.52454e+06,7255.91
+1.97e+11ns,1,3.82085e+06,5.09812e+06,3.1217e-10,30000
+1.97e+11ns,1,3.82085e+06,5.09812e+06,3.1217e-10,30000
+1.98e+11ns,0,6.90921e+06,1.79251e+06,2.52388e+06,7255.91
+1.98e+11ns,1,3.7968e+06,5.11606e+06,3.13268e-10,30000
+1.98e+11ns,1,3.7968e+06,5.11606e+06,3.13268e-10,30000
+1.99e+11ns,0,6.90714e+06,1.80139e+06,2.52322e+06,7255.91
+1.99e+11ns,1,3.77267e+06,5.13388e+06,3.14359e-10,30000
+1.99e+11ns,1,3.77267e+06,5.13388e+06,3.14359e-10,30000
+2e+11ns,0,6.90506e+06,1.81026e+06,2.52255e+06,7255.91
+2e+11ns,1,3.74845e+06,5.15159e+06,3.15444e-10,30000
+2e+11ns,1,3.74845e+06,5.15159e+06,3.15444e-10,30000
+2.01e+11ns,0,6.90297e+06,1.81913e+06,2.52189e+06,7255.91
+2.01e+11ns,1,3.72415e+06,5.16918e+06,3.16521e-10,30000
+2.01e+11ns,1,3.72415e+06,5.16918e+06,3.16521e-10,30000
+2.02e+11ns,0,6.90087e+06,1.82801e+06,2.52121e+06,7255.91
+2.02e+11ns,1,3.69977e+06,5.18666e+06,3.17591e-10,30000
+2.02e+11ns,1,3.69977e+06,5.18666e+06,3.17591e-10,30000
+2.03e+11ns,0,6.89876e+06,1.83687e+06,2.52054e+06,7255.91
+2.03e+11ns,1,3.67531e+06,5.20402e+06,3.18655e-10,30000
+2.03e+11ns,1,3.67531e+06,5.20402e+06,3.18655e-10,30000
+2.04e+11ns,0,6.89665e+06,1.84574e+06,2.51986e+06,7255.91
+2.04e+11ns,1,3.65076e+06,5.22127e+06,3.19711e-10,30000
+2.04e+11ns,1,3.65076e+06,5.22127e+06,3.19711e-10,30000
+2.05e+11ns,0,6.89452e+06,1.8546e+06,2.51918e+06,7255.91
+2.05e+11ns,1,3.62614e+06,5.23841e+06,3.2076e-10,30000
+2.05e+11ns,1,3.62614e+06,5.23841e+06,3.2076e-10,30000
+2.06e+11ns,0,6.89238e+06,1.86346e+06,2.5185e+06,7255.91
+2.06e+11ns,1,3.60143e+06,5.25542e+06,3.21802e-10,30000
+2.06e+11ns,1,3.60143e+06,5.25542e+06,3.21802e-10,30000
+2.07e+11ns,0,6.89023e+06,1.87232e+06,2.51781e+06,7255.91
+2.07e+11ns,1,3.57664e+06,5.27232e+06,3.22837e-10,30000
+2.07e+11ns,1,3.57664e+06,5.27232e+06,3.22837e-10,30000
+2.08e+11ns,0,6.88807e+06,1.88117e+06,2.51712e+06,7255.91
+2.08e+11ns,1,3.55178e+06,5.28911e+06,3.23864e-10,30000
+2.08e+11ns,1,3.55178e+06,5.28911e+06,3.23864e-10,30000
+2.09e+11ns,0,6.8859e+06,1.89002e+06,2.51643e+06,7255.91
+2.09e+11ns,1,3.52683e+06,5.30577e+06,3.24885e-10,30000
+2.09e+11ns,1,3.52683e+06,5.30577e+06,3.24885e-10,30000
+2.1e+11ns,0,6.88372e+06,1.89887e+06,2.51573e+06,7255.91
+2.1e+11ns,1,3.50181e+06,5.32232e+06,3.25898e-10,30000
+2.1e+11ns,1,3.50181e+06,5.32232e+06,3.25898e-10,30000
+2.11e+11ns,0,6.88153e+06,1.90772e+06,2.51503e+06,7255.91
+2.11e+11ns,1,3.47671e+06,5.33875e+06,3.26904e-10,30000
+2.11e+11ns,1,3.47671e+06,5.33875e+06,3.26904e-10,30000
+2.12e+11ns,0,6.87933e+06,1.91656e+06,2.51433e+06,7255.91
+2.12e+11ns,1,3.45153e+06,5.35506e+06,3.27903e-10,30000
+2.12e+11ns,1,3.45153e+06,5.35506e+06,3.27903e-10,30000
+2.13e+11ns,0,6.87712e+06,1.9254e+06,2.51362e+06,7255.91
+2.13e+11ns,1,3.42628e+06,5.37126e+06,3.28895e-10,30000
+2.13e+11ns,1,3.42628e+06,5.37126e+06,3.28895e-10,30000
+2.14e+11ns,0,6.87489e+06,1.93424e+06,2.51291e+06,7255.91
+2.14e+11ns,1,3.40094e+06,5.38733e+06,3.29879e-10,30000
+2.14e+11ns,1,3.40094e+06,5.38733e+06,3.29879e-10,30000
+2.15e+11ns,0,6.87266e+06,1.94307e+06,2.5122e+06,7255.91
+2.15e+11ns,1,3.37554e+06,5.40329e+06,3.30856e-10,30000
+2.15e+11ns,1,3.37554e+06,5.40329e+06,3.30856e-10,30000
+2.16e+11ns,0,6.87042e+06,1.95191e+06,2.51148e+06,7255.91
+2.16e+11ns,1,3.35006e+06,5.41912e+06,3.31825e-10,30000
+2.16e+11ns,1,3.35006e+06,5.41912e+06,3.31825e-10,30000
+2.17e+11ns,0,6.86817e+06,1.96074e+06,2.51076e+06,7255.91
+2.17e+11ns,1,3.3245e+06,5.43483e+06,3.32788e-10,30000
+2.17e+11ns,1,3.3245e+06,5.43483e+06,3.32788e-10,30000
+2.18e+11ns,0,6.86591e+06,1.96956e+06,2.51004e+06,7255.91
+2.18e+11ns,1,3.29888e+06,5.45043e+06,3.33743e-10,30000
+2.18e+11ns,1,3.29888e+06,5.45043e+06,3.33743e-10,30000
+2.19e+11ns,0,6.86364e+06,1.97839e+06,2.50931e+06,7255.91
+2.19e+11ns,1,3.27317e+06,5.4659e+06,3.3469e-10,30000
+2.19e+11ns,1,3.27317e+06,5.4659e+06,3.3469e-10,30000
+2.2e+11ns,0,6.86136e+06,1.98721e+06,2.50858e+06,7255.91
+2.2e+11ns,1,3.2474e+06,5.48125e+06,3.3563e-10,30000
+2.2e+11ns,1,3.2474e+06,5.48125e+06,3.3563e-10,30000
+2.21e+11ns,0,6.85906e+06,1.99602e+06,2.50785e+06,7255.91
+2.21e+11ns,1,3.22155e+06,5.49649e+06,3.36563e-10,30000
+2.21e+11ns,1,3.22155e+06,5.49649e+06,3.36563e-10,30000
+2.22e+11ns,0,6.85676e+06,2.00484e+06,2.50711e+06,7255.91
+2.22e+11ns,1,3.19564e+06,5.51159e+06,3.37488e-10,30000
+2.22e+11ns,1,3.19564e+06,5.51159e+06,3.37488e-10,30000
+2.23e+11ns,0,6.85445e+06,2.01365e+06,2.50637e+06,7255.91
+2.23e+11ns,1,3.16965e+06,5.52658e+06,3.38405e-10,30000
+2.23e+11ns,1,3.16965e+06,5.52658e+06,3.38405e-10,30000
+2.24e+11ns,0,6.85213e+06,2.02246e+06,2.50563e+06,7255.91
+2.24e+11ns,1,3.14359e+06,5.54144e+06,3.39316e-10,30000
+2.24e+11ns,1,3.14359e+06,5.54144e+06,3.39316e-10,30000
+2.25e+11ns,0,6.8498e+06,2.03127e+06,2.50488e+06,7255.91
+2.25e+11ns,1,3.11746e+06,5.55619e+06,3.40218e-10,30000
+2.25e+11ns,1,3.11746e+06,5.55619e+06,3.40218e-10,30000
+2.26e+11ns,0,6.84745e+06,2.04007e+06,2.50414e+06,7255.91
+2.26e+11ns,1,3.09126e+06,5.5708e+06,3.41113e-10,30000
+2.26e+11ns,1,3.09126e+06,5.5708e+06,3.41113e-10,30000
+2.27e+11ns,0,6.8451e+06,2.04887e+06,2.50338e+06,7255.91
+2.27e+11ns,1,3.065e+06,5.5853e+06,3.42001e-10,30000
+2.27e+11ns,1,3.065e+06,5.5853e+06,3.42001e-10,30000
+2.28e+11ns,0,6.84274e+06,2.05767e+06,2.50263e+06,7255.91
+2.28e+11ns,1,3.03866e+06,5.59967e+06,3.42881e-10,30000
+2.28e+11ns,1,3.03866e+06,5.59967e+06,3.42881e-10,30000
+2.29e+11ns,0,6.84036e+06,2.06646e+06,2.50187e+06,7255.91
+2.29e+11ns,1,3.01226e+06,5.61391e+06,3.43753e-10,30000
+2.29e+11ns,1,3.01226e+06,5.61391e+06,3.43753e-10,30000
+2.3e+11ns,0,6.83798e+06,2.07525e+06,2.50111e+06,7255.91
+2.3e+11ns,1,2.98579e+06,5.62804e+06,3.44618e-10,30000
+2.3e+11ns,1,2.98579e+06,5.62804e+06,3.44618e-10,30000
+2.31e+11ns,0,6.83559e+06,2.08404e+06,2.50034e+06,7255.91
+2.31e+11ns,1,2.95926e+06,5.64203e+06,3.45475e-10,30000
+2.31e+11ns,1,2.95926e+06,5.64203e+06,3.45475e-10,30000
+2.32e+11ns,0,6.83318e+06,2.09282e+06,2.49957e+06,7255.91
+2.32e+11ns,1,2.93266e+06,5.65591e+06,3.46324e-10,30000
+2.32e+11ns,1,2.93266e+06,5.65591e+06,3.46324e-10,30000
+2.33e+11ns,0,6.83077e+06,2.10161e+06,2.4988e+06,7255.91
+2.33e+11ns,1,2.90599e+06,5.66965e+06,3.47166e-10,30000
+2.33e+11ns,1,2.90599e+06,5.66965e+06,3.47166e-10,30000
+2.34e+11ns,0,6.82835e+06,2.11038e+06,2.49803e+06,7255.91
+2.34e+11ns,1,2.87926e+06,5.68327e+06,3.48e-10,30000
+2.34e+11ns,1,2.87926e+06,5.68327e+06,3.48e-10,30000
+2.35e+11ns,0,6.82591e+06,2.11916e+06,2.49725e+06,7255.91
+2.35e+11ns,1,2.85247e+06,5.69677e+06,3.48826e-10,30000
+2.35e+11ns,1,2.85247e+06,5.69677e+06,3.48826e-10,30000
+2.36e+11ns,0,6.82347e+06,2.12793e+06,2.49647e+06,7255.91
+2.36e+11ns,1,2.82561e+06,5.71014e+06,3.49645e-10,30000
+2.36e+11ns,1,2.82561e+06,5.71014e+06,3.49645e-10,30000
+2.37e+11ns,0,6.82102e+06,2.1367e+06,2.49568e+06,7255.91
+2.37e+11ns,1,2.79869e+06,5.72338e+06,3.50456e-10,30000
+2.37e+11ns,1,2.79869e+06,5.72338e+06,3.50456e-10,30000
+2.38e+11ns,0,6.81855e+06,2.14547e+06,2.49489e+06,7255.91
+2.38e+11ns,1,2.77171e+06,5.73649e+06,3.51259e-10,30000
+2.38e+11ns,1,2.77171e+06,5.73649e+06,3.51259e-10,30000
+2.39e+11ns,0,6.81608e+06,2.15423e+06,2.4941e+06,7255.91
+2.39e+11ns,1,2.74467e+06,5.74948e+06,3.52054e-10,30000
+2.39e+11ns,1,2.74467e+06,5.74948e+06,3.52054e-10,30000
+2.4e+11ns,0,6.81359e+06,2.16299e+06,2.49331e+06,7255.91
+2.4e+11ns,1,2.71757e+06,5.76234e+06,3.52842e-10,30000
+2.4e+11ns,1,2.71757e+06,5.76234e+06,3.52842e-10,30000
+2.41e+11ns,0,6.8111e+06,2.17175e+06,2.49251e+06,7255.91
+2.41e+11ns,1,2.6904e+06,5.77507e+06,3.53621e-10,30000
+2.41e+11ns,1,2.6904e+06,5.77507e+06,3.53621e-10,30000
+2.42e+11ns,0,6.8086e+06,2.1805e+06,2.49171e+06,7255.91
+2.42e+11ns,1,2.66318e+06,5.78768e+06,3.54393e-10,30000
+2.42e+11ns,1,2.66318e+06,5.78768e+06,3.54393e-10,30000
+2.43e+11ns,0,6.80608e+06,2.18925e+06,2.4909e+06,7255.91
+2.43e+11ns,1,2.6359e+06,5.80016e+06,3.55157e-10,30000
+2.43e+11ns,1,2.6359e+06,5.80016e+06,3.55157e-10,30000
+2.44e+11ns,0,6.80356e+06,2.198e+06,2.4901e+06,7255.91
+2.44e+11ns,1,2.60856e+06,5.8125e+06,3.55913e-10,30000
+2.44e+11ns,1,2.60856e+06,5.8125e+06,3.55913e-10,30000
+2.45e+11ns,0,6.80102e+06,2.20674e+06,2.48929e+06,7255.91
+2.45e+11ns,1,2.58116e+06,5.82472e+06,3.56661e-10,30000
+2.45e+11ns,1,2.58116e+06,5.82472e+06,3.56661e-10,30000
+2.46e+11ns,0,6.79848e+06,2.21549e+06,2.48847e+06,7255.91
+2.46e+11ns,1,2.5537e+06,5.83681e+06,3.57402e-10,30000
+2.46e+11ns,1,2.5537e+06,5.83681e+06,3.57402e-10,30000
+2.47e+11ns,0,6.79592e+06,2.22422e+06,2.48766e+06,7255.91
+2.47e+11ns,1,2.52619e+06,5.84877e+06,3.58134e-10,30000
+2.47e+11ns,1,2.52619e+06,5.84877e+06,3.58134e-10,30000
+2.48e+11ns,0,6.79336e+06,2.23296e+06,2.48684e+06,7255.91
+2.48e+11ns,1,2.49862e+06,5.8606e+06,3.58858e-10,30000
+2.48e+11ns,1,2.49862e+06,5.8606e+06,3.58858e-10,30000
+2.49e+11ns,0,6.79078e+06,2.24169e+06,2.48601e+06,7255.91
+2.49e+11ns,1,2.47099e+06,5.8723e+06,3.59575e-10,30000
+2.49e+11ns,1,2.47099e+06,5.8723e+06,3.59575e-10,30000
+2.5e+11ns,0,6.7882e+06,2.25042e+06,2.48518e+06,7255.91
+2.5e+11ns,1,2.44332e+06,5.88387e+06,3.60283e-10,30000
+2.5e+11ns,1,2.44332e+06,5.88387e+06,3.60283e-10,30000
+2.51e+11ns,0,6.78561e+06,2.25914e+06,2.48435e+06,7255.91
+2.51e+11ns,1,2.41558e+06,5.89531e+06,3.60984e-10,30000
+2.51e+11ns,1,2.41558e+06,5.89531e+06,3.60984e-10,30000
+2.52e+11ns,0,6.783e+06,2.26786e+06,2.48352e+06,7255.91
+2.52e+11ns,1,2.3878e+06,5.90662e+06,3.61676e-10,30000
+2.52e+11ns,1,2.3878e+06,5.90662e+06,3.61676e-10,30000
+2.53e+11ns,0,6.78039e+06,2.27658e+06,2.48269e+06,7255.91
+2.53e+11ns,1,2.35996e+06,5.9178e+06,3.62361e-10,30000
+2.53e+11ns,1,2.35996e+06,5.9178e+06,3.62361e-10,30000
+2.54e+11ns,0,6.77776e+06,2.2853e+06,2.48185e+06,7255.91
+2.54e+11ns,1,2.33206e+06,5.92885e+06,3.63037e-10,30000
+2.54e+11ns,1,2.33206e+06,5.92885e+06,3.63037e-10,30000
+2.55e+11ns,0,6.77513e+06,2.29401e+06,2.481e+06,7255.91
+2.55e+11ns,1,2.30412e+06,5.93976e+06,3.63706e-10,30000
+2.55e+11ns,1,2.30412e+06,5.93976e+06,3.63706e-10,30000
+2.56e+11ns,0,6.77248e+06,2.30272e+06,2.48016e+06,7255.91
+2.56e+11ns,1,2.27613e+06,5.95055e+06,3.64366e-10,30000
+2.56e+11ns,1,2.27613e+06,5.95055e+06,3.64366e-10,30000
+2.57e+11ns,0,6.76983e+06,2.31142e+06,2.47931e+06,7255.91
+2.57e+11ns,1,2.24808e+06,5.9612e+06,3.65018e-10,30000
+2.57e+11ns,1,2.24808e+06,5.9612e+06,3.65018e-10,30000
+2.58e+11ns,0,6.76716e+06,2.32012e+06,2.47845e+06,7255.91
+2.58e+11ns,1,2.21999e+06,5.97172e+06,3.65662e-10,30000
+2.58e+11ns,1,2.21999e+06,5.97172e+06,3.65662e-10,30000
+2.59e+11ns,0,6.76449e+06,2.32882e+06,2.4776e+06,7255.91
+2.59e+11ns,1,2.19184e+06,5.98211e+06,3.66298e-10,30000
+2.59e+11ns,1,2.19184e+06,5.98211e+06,3.66298e-10,30000
+2.6e+11ns,0,6.7618e+06,2.33751e+06,2.47674e+06,7255.91
+2.6e+11ns,1,2.16365e+06,5.99236e+06,3.66926e-10,30000
+2.6e+11ns,1,2.16365e+06,5.99236e+06,3.66926e-10,30000
+2.61e+11ns,0,6.75911e+06,2.34621e+06,2.47588e+06,7255.91
+2.61e+11ns,1,2.13541e+06,6.00248e+06,3.67546e-10,30000
+2.61e+11ns,1,2.13541e+06,6.00248e+06,3.67546e-10,30000
+2.62e+11ns,0,6.7564e+06,2.35489e+06,2.47501e+06,7255.91
+2.62e+11ns,1,2.10712e+06,6.01247e+06,3.68158e-10,30000
+2.62e+11ns,1,2.10712e+06,6.01247e+06,3.68158e-10,30000
+2.63e+11ns,0,6.75369e+06,2.36358e+06,2.47414e+06,7255.91
+2.63e+11ns,1,2.07878e+06,6.02233e+06,3.68761e-10,30000
+2.63e+11ns,1,2.07878e+06,6.02233e+06,3.68761e-10,30000
+2.64e+11ns,0,6.75096e+06,2.37226e+06,2.47327e+06,7255.91
+2.64e+11ns,1,2.0504e+06,6.03205e+06,3.69356e-10,30000
+2.64e+11ns,1,2.0504e+06,6.03205e+06,3.69356e-10,30000
+2.65e+11ns,0,6.74823e+06,2.38094e+06,2.4724e+06,7255.91
+2.65e+11ns,1,2.02198e+06,6.04164e+06,3.69944e-10,30000
+2.65e+11ns,1,2.02198e+06,6.04164e+06,3.69944e-10,30000
+2.66e+11ns,0,6.74548e+06,2.38961e+06,2.47152e+06,7255.91
+2.66e+11ns,1,1.9935e+06,6.05109e+06,3.70522e-10,30000
+2.66e+11ns,1,1.9935e+06,6.05109e+06,3.70522e-10,30000
+2.67e+11ns,0,6.74273e+06,2.39828e+06,2.47064e+06,7255.91
+2.67e+11ns,1,1.96499e+06,6.06041e+06,3.71093e-10,30000
+2.67e+11ns,1,1.96499e+06,6.06041e+06,3.71093e-10,30000
+2.68e+11ns,0,6.73996e+06,2.40695e+06,2.46975e+06,7255.91
+2.68e+11ns,1,1.93643e+06,6.0696e+06,3.71656e-10,30000
+2.68e+11ns,1,1.93643e+06,6.0696e+06,3.71656e-10,30000
+2.69e+11ns,0,6.73719e+06,2.41561e+06,2.46887e+06,7255.91
+2.69e+11ns,1,1.90783e+06,6.07865e+06,3.7221e-10,30000
+2.69e+11ns,1,1.90783e+06,6.07865e+06,3.7221e-10,30000
+2.7e+11ns,0,6.7344e+06,2.42427e+06,2.46797e+06,7255.91
+2.7e+11ns,1,1.87918e+06,6.08756e+06,3.72756e-10,30000
+2.7e+11ns,1,1.87918e+06,6.08756e+06,3.72756e-10,30000
+2.71e+11ns,0,6.73161e+06,2.43293e+06,2.46708e+06,7255.91
+2.71e+11ns,1,1.8505e+06,6.09634e+06,3.73293e-10,30000
+2.71e+11ns,1,1.8505e+06,6.09634e+06,3.73293e-10,30000
+2.72e+11ns,0,6.7288e+06,2.44158e+06,2.46618e+06,7255.91
+2.72e+11ns,1,1.82177e+06,6.10499e+06,3.73823e-10,30000
+2.72e+11ns,1,1.82177e+06,6.10499e+06,3.73823e-10,30000
+2.73e+11ns,0,6.72599e+06,2.45023e+06,2.46528e+06,7255.91
+2.73e+11ns,1,1.793e+06,6.1135e+06,3.74344e-10,30000
+2.73e+11ns,1,1.793e+06,6.1135e+06,3.74344e-10,30000
+2.74e+11ns,0,6.72317e+06,2.45887e+06,2.46438e+06,7255.91
+2.74e+11ns,1,1.7642e+06,6.12188e+06,3.74857e-10,30000
+2.74e+11ns,1,1.7642e+06,6.12188e+06,3.74857e-10,30000
+2.75e+11ns,0,6.72033e+06,2.46752e+06,2.46347e+06,7255.91
+2.75e+11ns,1,1.73535e+06,6.13012e+06,3.75361e-10,30000
+2.75e+11ns,1,1.73535e+06,6.13012e+06,3.75361e-10,30000
+2.76e+11ns,0,6.71749e+06,2.47615e+06,2.46256e+06,7255.91
+2.76e+11ns,1,1.70646e+06,6.13822e+06,3.75858e-10,30000
+2.76e+11ns,1,1.70646e+06,6.13822e+06,3.75858e-10,30000
+2.77e+11ns,0,6.71463e+06,2.48479e+06,2.46165e+06,7255.91
+2.77e+11ns,1,1.67754e+06,6.14619e+06,3.76345e-10,30000
+2.77e+11ns,1,1.67754e+06,6.14619e+06,3.76345e-10,30000
+2.78e+11ns,0,6.71177e+06,2.49342e+06,2.46073e+06,7255.91
+2.78e+11ns,1,1.64858e+06,6.15402e+06,3.76825e-10,30000
+2.78e+11ns,1,1.64858e+06,6.15402e+06,3.76825e-10,30000
+2.79e+11ns,0,6.70889e+06,2.50205e+06,2.45981e+06,7255.91
+2.79e+11ns,1,1.61959e+06,6.16171e+06,3.77296e-10,30000
+2.79e+11ns,1,1.61959e+06,6.16171e+06,3.77296e-10,30000
+2.8e+11ns,0,6.70601e+06,2.51067e+06,2.45889e+06,7255.91
+2.8e+11ns,1,1.59055e+06,6.16927e+06,3.77759e-10,30000
+2.8e+11ns,1,1.59055e+06,6.16927e+06,3.77759e-10,30000
+2.81e+11ns,0,6.70312e+06,2.51929e+06,2.45796e+06,7255.91
+2.81e+11ns,1,1.56149e+06,6.17669e+06,3.78213e-10,30000
+2.81e+11ns,1,1.56149e+06,6.17669e+06,3.78213e-10,30000
+2.82e+11ns,0,6.70021e+06,2.52791e+06,2.45703e+06,7255.91
+2.82e+11ns,1,1.53238e+06,6.18398e+06,3.78659e-10,30000
+2.82e+11ns,1,1.53238e+06,6.18398e+06,3.78659e-10,30000
+2.83e+11ns,0,6.6973e+06,2.53652e+06,2.4561e+06,7255.91
+2.83e+11ns,1,1.50325e+06,6.19112e+06,3.79097e-10,30000
+2.83e+11ns,1,1.50325e+06,6.19112e+06,3.79097e-10,30000
+2.84e+11ns,0,6.69437e+06,2.54513e+06,2.45516e+06,7255.91
+2.84e+11ns,1,1.47408e+06,6.19813e+06,3.79526e-10,30000
+2.84e+11ns,1,1.47408e+06,6.19813e+06,3.79526e-10,30000
+2.85e+11ns,0,6.69144e+06,2.55374e+06,2.45423e+06,7255.91
+2.85e+11ns,1,1.44488e+06,6.20501e+06,3.79947e-10,30000
+2.85e+11ns,1,1.44488e+06,6.20501e+06,3.79947e-10,30000
+2.86e+11ns,0,6.6885e+06,2.56234e+06,2.45328e+06,7255.91
+2.86e+11ns,1,1.41564e+06,6.21174e+06,3.80359e-10,30000
+2.86e+11ns,1,1.41564e+06,6.21174e+06,3.80359e-10,30000
+2.87e+11ns,0,6.68554e+06,2.57094e+06,2.45234e+06,7255.91
+2.87e+11ns,1,1.38638e+06,6.21834e+06,3.80763e-10,30000
+2.87e+11ns,1,1.38638e+06,6.21834e+06,3.80763e-10,30000
+2.88e+11ns,0,6.68258e+06,2.57953e+06,2.45139e+06,7255.91
+2.88e+11ns,1,1.35708e+06,6.2248e+06,3.81159e-10,30000
+2.88e+11ns,1,1.35708e+06,6.2248e+06,3.81159e-10,30000
+2.89e+11ns,0,6.67961e+06,2.58812e+06,2.45044e+06,7255.91
+2.89e+11ns,1,1.32775e+06,6.23112e+06,3.81546e-10,30000
+2.89e+11ns,1,1.32775e+06,6.23112e+06,3.81546e-10,30000
+2.9e+11ns,0,6.67662e+06,2.59671e+06,2.44948e+06,7255.91
+2.9e+11ns,1,1.2984e+06,6.2373e+06,3.81925e-10,30000
+2.9e+11ns,1,1.2984e+06,6.2373e+06,3.81925e-10,30000
+2.91e+11ns,0,6.67363e+06,2.60529e+06,2.44852e+06,7255.91
+2.91e+11ns,1,1.26901e+06,6.24335e+06,3.82295e-10,30000
+2.91e+11ns,1,1.26901e+06,6.24335e+06,3.82295e-10,30000
+2.92e+11ns,0,6.67063e+06,2.61387e+06,2.44756e+06,7255.91
+2.92e+11ns,1,1.2396e+06,6.24925e+06,3.82656e-10,30000
+2.92e+11ns,1,1.2396e+06,6.24925e+06,3.82656e-10,30000
+2.93e+11ns,0,6.66762e+06,2.62245e+06,2.4466e+06,7255.91
+2.93e+11ns,1,1.21016e+06,6.25502e+06,3.83009e-10,30000
+2.93e+11ns,1,1.21016e+06,6.25502e+06,3.83009e-10,30000
+2.94e+11ns,0,6.66459e+06,2.63102e+06,2.44563e+06,7255.91
+2.94e+11ns,1,1.18069e+06,6.26065e+06,3.83354e-10,30000
+2.94e+11ns,1,1.18069e+06,6.26065e+06,3.83354e-10,30000
+2.95e+11ns,0,6.66156e+06,2.63959e+06,2.44466e+06,7255.91
+2.95e+11ns,1,1.1512e+06,6.26614e+06,3.8369e-10,30000
+2.95e+11ns,1,1.1512e+06,6.26614e+06,3.8369e-10,30000
+2.96e+11ns,0,6.65852e+06,2.64815e+06,2.44369e+06,7255.91
+2.96e+11ns,1,1.12168e+06,6.27149e+06,3.84018e-10,30000
+2.96e+11ns,1,1.12168e+06,6.27149e+06,3.84018e-10,30000
+2.97e+11ns,0,6.65547e+06,2.65671e+06,2.44271e+06,7255.91
+2.97e+11ns,1,1.09214e+06,6.2767e+06,3.84337e-10,30000
+2.97e+11ns,1,1.09214e+06,6.2767e+06,3.84337e-10,30000
+2.98e+11ns,0,6.65241e+06,2.66526e+06,2.44173e+06,7255.91
+2.98e+11ns,1,1.06257e+06,6.28178e+06,3.84648e-10,30000
+2.98e+11ns,1,1.06257e+06,6.28178e+06,3.84648e-10,30000
+2.99e+11ns,0,6.64933e+06,2.67382e+06,2.44075e+06,7255.91
+2.99e+11ns,1,1.03298e+06,6.28671e+06,3.8495e-10,30000
+2.99e+11ns,1,1.03298e+06,6.28671e+06,3.8495e-10,30000
+3e+11ns,0,6.64625e+06,2.68237e+06,2.43976e+06,7255.91
+3e+11ns,1,1.00336e+06,6.2915e+06,3.85243e-10,30000
+3e+11ns,1,1.00336e+06,6.2915e+06,3.85243e-10,30000
+3.01e+11ns,0,6.64316e+06,2.69091e+06,2.43877e+06,7255.91
+3.01e+11ns,1,973726,6.29616e+06,3.85529e-10,30000
+3.01e+11ns,1,973726,6.29616e+06,3.85529e-10,30000
+3.02e+11ns,0,6.64006e+06,2.69945e+06,2.43778e+06,7255.91
+3.02e+11ns,1,944068,6.30067e+06,3.85805e-10,30000
+3.02e+11ns,1,944068,6.30067e+06,3.85805e-10,30000
+3.03e+11ns,0,6.63695e+06,2.70799e+06,2.43678e+06,7255.91
+3.03e+11ns,1,914389,6.30505e+06,3.86073e-10,30000
+3.03e+11ns,1,914389,6.30505e+06,3.86073e-10,30000
+3.04e+11ns,0,6.63383e+06,2.71652e+06,2.43578e+06,7255.91
+3.04e+11ns,1,884689,6.30929e+06,3.86332e-10,30000
+3.04e+11ns,1,884689,6.30929e+06,3.86332e-10,30000
+3.05e+11ns,0,6.6307e+06,2.72505e+06,2.43478e+06,7255.91
+3.05e+11ns,1,854970,6.31338e+06,3.86583e-10,30000
+3.05e+11ns,1,854970,6.31338e+06,3.86583e-10,30000
+3.06e+11ns,0,6.62756e+06,2.73357e+06,2.43377e+06,7255.91
+3.06e+11ns,1,825232,6.31734e+06,3.86825e-10,30000
+3.06e+11ns,1,825232,6.31734e+06,3.86825e-10,30000
+3.07e+11ns,0,6.62441e+06,2.74209e+06,2.43277e+06,7255.91
+3.07e+11ns,1,795476,6.32115e+06,3.87059e-10,30000
+3.07e+11ns,1,795476,6.32115e+06,3.87059e-10,30000
+3.08e+11ns,0,6.62125e+06,2.75061e+06,2.43175e+06,7255.91
+3.08e+11ns,1,765702,6.32483e+06,3.87284e-10,30000
+3.08e+11ns,1,765702,6.32483e+06,3.87284e-10,30000
+3.09e+11ns,0,6.61808e+06,2.75912e+06,2.43074e+06,7255.91
+3.09e+11ns,1,735911,6.32836e+06,3.87501e-10,30000
+3.09e+11ns,1,735911,6.32836e+06,3.87501e-10,30000
+3.1e+11ns,0,6.6149e+06,2.76763e+06,2.42972e+06,7255.91
+3.1e+11ns,1,706104,6.33176e+06,3.87708e-10,30000
+3.1e+11ns,1,706104,6.33176e+06,3.87708e-10,30000
+3.11e+11ns,0,6.61171e+06,2.77614e+06,2.4287e+06,7255.91
+3.11e+11ns,1,676281,6.33501e+06,3.87908e-10,30000
+3.11e+11ns,1,676281,6.33501e+06,3.87908e-10,30000
+3.12e+11ns,0,6.60851e+06,2.78464e+06,2.42768e+06,7255.91
+3.12e+11ns,1,646443,6.33813e+06,3.88098e-10,30000
+3.12e+11ns,1,646443,6.33813e+06,3.88098e-10,30000
+3.13e+11ns,0,6.6053e+06,2.79313e+06,2.42665e+06,7255.91
+3.13e+11ns,1,616591,6.3411e+06,3.8828e-10,30000
+3.13e+11ns,1,616591,6.3411e+06,3.8828e-10,30000
+3.14e+11ns,0,6.60208e+06,2.80163e+06,2.42562e+06,7255.91
+3.14e+11ns,1,586725,6.34393e+06,3.88454e-10,30000
+3.14e+11ns,1,586725,6.34393e+06,3.88454e-10,30000
+3.15e+11ns,0,6.59885e+06,2.81011e+06,2.42458e+06,7255.91
+3.15e+11ns,1,556846,6.34663e+06,3.88619e-10,30000
+3.15e+11ns,1,556846,6.34663e+06,3.88619e-10,30000
+3.16e+11ns,0,6.59561e+06,2.8186e+06,2.42355e+06,7255.91
+3.16e+11ns,1,526955,6.34918e+06,3.88775e-10,30000
+3.16e+11ns,1,526955,6.34918e+06,3.88775e-10,30000
+3.17e+11ns,0,6.59236e+06,2.82708e+06,2.42251e+06,7255.91
+3.17e+11ns,1,497052,6.35159e+06,3.88923e-10,30000
+3.17e+11ns,1,497052,6.35159e+06,3.88923e-10,30000
+3.18e+11ns,0,6.58911e+06,2.83555e+06,2.42146e+06,7255.91
+3.18e+11ns,1,467138,6.35386e+06,3.89062e-10,30000
+3.18e+11ns,1,467138,6.35386e+06,3.89062e-10,30000
+3.19e+11ns,0,6.58584e+06,2.84403e+06,2.42042e+06,7255.91
+3.19e+11ns,1,437214,6.35599e+06,3.89192e-10,30000
+3.19e+11ns,1,437214,6.35599e+06,3.89192e-10,30000
+3.2e+11ns,0,6.58256e+06,2.85249e+06,2.41937e+06,7255.91
+3.2e+11ns,1,407280,6.35798e+06,3.89314e-10,30000
+3.2e+11ns,1,407280,6.35798e+06,3.89314e-10,30000
+3.21e+11ns,0,6.57928e+06,2.86096e+06,2.41831e+06,7255.91
+3.21e+11ns,1,377337,6.35982e+06,3.89427e-10,30000
+3.21e+11ns,1,377337,6.35982e+06,3.89427e-10,30000
+3.22e+11ns,0,6.57598e+06,2.86942e+06,2.41726e+06,7255.91
+3.22e+11ns,1,347385,6.36153e+06,3.89531e-10,30000
+3.22e+11ns,1,347385,6.36153e+06,3.89531e-10,30000
+3.23e+11ns,0,6.57267e+06,2.87787e+06,2.4162e+06,7255.91
+3.23e+11ns,1,317426,6.3631e+06,3.89627e-10,30000
+3.23e+11ns,1,317426,6.3631e+06,3.89627e-10,30000
+3.24e+11ns,0,6.56936e+06,2.88632e+06,2.41514e+06,7255.91
+3.24e+11ns,1,287460,6.36452e+06,3.89714e-10,30000
+3.24e+11ns,1,287460,6.36452e+06,3.89714e-10,30000
+3.25e+11ns,0,6.56603e+06,2.89477e+06,2.41407e+06,7255.91
+3.25e+11ns,1,257487,6.3658e+06,3.89793e-10,30000
+3.25e+11ns,1,257487,6.3658e+06,3.89793e-10,30000
+3.26e+11ns,0,6.56269e+06,2.90321e+06,2.413e+06,7255.91
+3.26e+11ns,1,227509,6.36695e+06,3.89863e-10,30000
+3.26e+11ns,1,227509,6.36695e+06,3.89863e-10,30000
+3.27e+11ns,0,6.55935e+06,2.91165e+06,2.41193e+06,7255.91
+3.27e+11ns,1,197526,6.36795e+06,3.89924e-10,30000
+3.27e+11ns,1,197526,6.36795e+06,3.89924e-10,30000
+3.28e+11ns,0,6.55599e+06,2.92008e+06,2.41086e+06,7255.91
+3.28e+11ns,1,167538,6.36881e+06,3.89977e-10,30000
+3.28e+11ns,1,167538,6.36881e+06,3.89977e-10,30000
+3.29e+11ns,0,6.55263e+06,2.92851e+06,2.40978e+06,7255.91
+3.29e+11ns,1,137547,6.36952e+06,3.90021e-10,30000
+3.29e+11ns,1,137547,6.36952e+06,3.90021e-10,30000
+3.3e+11ns,0,6.54926e+06,2.93694e+06,2.4087e+06,7255.91
+3.3e+11ns,1,107552,6.3701e+06,3.90056e-10,30000
+3.3e+11ns,1,107552,6.3701e+06,3.90056e-10,30000
+3.31e+11ns,0,6.54587e+06,2.94536e+06,2.40761e+06,7255.91
+3.31e+11ns,1,77555.6,6.37054e+06,3.90083e-10,30000
+3.31e+11ns,1,77555.6,6.37054e+06,3.90083e-10,30000
+3.32e+11ns,0,6.54248e+06,2.95378e+06,2.40653e+06,7255.91
+3.32e+11ns,1,47557.1,6.37083e+06,3.90101e-10,30000
+3.32e+11ns,1,47557.1,6.37083e+06,3.90101e-10,30000
+3.33e+11ns,0,6.53907e+06,2.96219e+06,2.40544e+06,7255.91
+3.33e+11ns,1,17557.5,6.37098e+06,3.9011e-10,30000
+3.33e+11ns,1,17557.5,6.37098e+06,3.9011e-10,30000
+3.34e+11ns,0,6.53566e+06,2.9706e+06,2.40434e+06,7255.91
+3.34e+11ns,1,-12442.5,6.371e+06,3.90111e-10,30000
+3.34e+11ns,1,-12442.5,6.371e+06,3.90111e-10,30000
+3.35e+11ns,0,6.53224e+06,2.979e+06,2.40325e+06,7255.91
+3.35e+11ns,1,-42442.2,6.37087e+06,3.90103e-10,30000
+3.35e+11ns,1,-42442.2,6.37087e+06,3.90103e-10,30000
+3.36e+11ns,0,6.52881e+06,2.9874e+06,2.40215e+06,7255.91
+3.36e+11ns,1,-72440.9,6.3706e+06,3.90087e-10,30000
+3.36e+11ns,1,-72440.9,6.3706e+06,3.90087e-10,30000
+3.37e+11ns,0,6.52536e+06,2.9958e+06,2.40104e+06,7255.91
+3.37e+11ns,1,-102438,6.37019e+06,3.90061e-10,30000
+3.37e+11ns,1,-102438,6.37019e+06,3.90061e-10,30000
+3.38e+11ns,0,6.52191e+06,3.00419e+06,2.39994e+06,7255.91
+3.38e+11ns,1,-132433,6.36963e+06,3.90027e-10,30000
+3.38e+11ns,1,-132433,6.36963e+06,3.90027e-10,30000
+3.39e+11ns,0,6.51845e+06,3.01257e+06,2.39883e+06,7255.91
+3.39e+11ns,1,-162425,6.36894e+06,3.89985e-10,30000
+3.39e+11ns,1,-162425,6.36894e+06,3.89985e-10,30000
+3.4e+11ns,0,6.51498e+06,3.02096e+06,2.39772e+06,7255.91
+3.4e+11ns,1,-192413,6.3681e+06,3.89934e-10,30000
+3.4e+11ns,1,-192413,6.3681e+06,3.89934e-10,30000
+3.41e+11ns,0,6.5115e+06,3.02933e+06,2.3966e+06,7255.91
+3.41e+11ns,1,-222397,6.36713e+06,3.89874e-10,30000
+3.41e+11ns,1,-222397,6.36713e+06,3.89874e-10,30000
+3.42e+11ns,0,6.50801e+06,3.03771e+06,2.39548e+06,7255.91
+3.42e+11ns,1,-252376,6.36601e+06,3.89806e-10,30000
+3.42e+11ns,1,-252376,6.36601e+06,3.89806e-10,30000
+3.43e+11ns,0,6.50451e+06,3.04608e+06,2.39436e+06,7255.91
+3.43e+11ns,1,-282350,6.36475e+06,3.89728e-10,30000
+3.43e+11ns,1,-282350,6.36475e+06,3.89728e-10,30000
+3.44e+11ns,0,6.501e+06,3.05444e+06,2.39324e+06,7255.91
+3.44e+11ns,1,-312317,6.36335e+06,3.89643e-10,30000
+3.44e+11ns,1,-312317,6.36335e+06,3.89643e-10,30000
+3.45e+11ns,0,6.49748e+06,3.0628e+06,2.39211e+06,7255.91
+3.45e+11ns,1,-342278,6.36181e+06,3.89548e-10,30000
+3.45e+11ns,1,-342278,6.36181e+06,3.89548e-10,30000
+3.46e+11ns,0,6.49395e+06,3.07116e+06,2.39098e+06,7255.91
+3.46e+11ns,1,-372230,6.36013e+06,3.89445e-10,30000
+3.46e+11ns,1,-372230,6.36013e+06,3.89445e-10,30000
+3.47e+11ns,0,6.49041e+06,3.07951e+06,2.38985e+06,7255.91
+3.47e+11ns,1,-402175,6.3583e+06,3.89334e-10,30000
+3.47e+11ns,1,-402175,6.3583e+06,3.89334e-10,30000
+3.48e+11ns,0,6.48686e+06,3.08785e+06,2.38871e+06,7255.91
+3.48e+11ns,1,-432110,6.35634e+06,3.89213e-10,30000
+3.48e+11ns,1,-432110,6.35634e+06,3.89213e-10,30000
+3.49e+11ns,0,6.48331e+06,3.09619e+06,2.38757e+06,7255.91
+3.49e+11ns,1,-462036,6.35423e+06,3.89085e-10,30000
+3.49e+11ns,1,-462036,6.35423e+06,3.89085e-10,30000
+3.5e+11ns,0,6.47974e+06,3.10453e+06,2.38643e+06,7255.91
+3.5e+11ns,1,-491952,6.35199e+06,3.88947e-10,30000
+3.5e+11ns,1,-491952,6.35199e+06,3.88947e-10,30000
+3.51e+11ns,0,6.47616e+06,3.11286e+06,2.38528e+06,7255.91
+3.51e+11ns,1,-521857,6.3496e+06,3.88801e-10,30000
+3.51e+11ns,1,-521857,6.3496e+06,3.88801e-10,30000
+3.52e+11ns,0,6.47258e+06,3.12119e+06,2.38413e+06,7255.91
+3.52e+11ns,1,-551750,6.34707e+06,3.88646e-10,30000
+3.52e+11ns,1,-551750,6.34707e+06,3.88646e-10,30000
+3.53e+11ns,0,6.46898e+06,3.12952e+06,2.38298e+06,7255.91
+3.53e+11ns,1,-581631,6.3444e+06,3.88483e-10,30000
+3.53e+11ns,1,-581631,6.3444e+06,3.88483e-10,30000
+3.54e+11ns,0,6.46538e+06,3.13784e+06,2.38182e+06,7255.91
+3.54e+11ns,1,-611500,6.34159e+06,3.88311e-10,30000
+3.54e+11ns,1,-611500,6.34159e+06,3.88311e-10,30000
+3.55e+11ns,0,6.46176e+06,3.14615e+06,2.38066e+06,7255.91
+3.55e+11ns,1,-641354,6.33864e+06,3.8813e-10,30000
+3.55e+11ns,1,-641354,6.33864e+06,3.8813e-10,30000
+3.56e+11ns,0,6.45814e+06,3.15446e+06,2.3795e+06,7255.91
+3.56e+11ns,1,-671195,6.33555e+06,3.87941e-10,30000
+3.56e+11ns,1,-671195,6.33555e+06,3.87941e-10,30000
+3.57e+11ns,0,6.4545e+06,3.16277e+06,2.37834e+06,7255.91
+3.57e+11ns,1,-701020,6.33232e+06,3.87743e-10,30000
+3.57e+11ns,1,-701020,6.33232e+06,3.87743e-10,30000
+3.58e+11ns,0,6.45086e+06,3.17107e+06,2.37717e+06,7255.91
+3.58e+11ns,1,-730830,6.32895e+06,3.87537e-10,30000
+3.58e+11ns,1,-730830,6.32895e+06,3.87537e-10,30000
+3.59e+11ns,0,6.44721e+06,3.17936e+06,2.376e+06,7255.91
+3.59e+11ns,1,-760624,6.32544e+06,3.87322e-10,30000
+3.59e+11ns,1,-760624,6.32544e+06,3.87322e-10,30000
+3.6e+11ns,0,6.44354e+06,3.18766e+06,2.37482e+06,7255.91
+3.6e+11ns,1,-790401,6.32179e+06,3.87098e-10,30000
+3.6e+11ns,1,-790401,6.32179e+06,3.87098e-10,30000
+3.61e+11ns,0,6.43987e+06,3.19594e+06,2.37365e+06,7255.91
+3.61e+11ns,1,-820160,6.318e+06,3.86866e-10,30000
+3.61e+11ns,1,-820160,6.318e+06,3.86866e-10,30000
+3.62e+11ns,0,6.43619e+06,3.20422e+06,2.37247e+06,7255.91
+3.62e+11ns,1,-849901,6.31407e+06,3.86625e-10,30000
+3.62e+11ns,1,-849901,6.31407e+06,3.86625e-10,30000
+3.63e+11ns,0,6.4325e+06,3.2125e+06,2.37128e+06,7255.91
+3.63e+11ns,1,-879624,6.30999e+06,3.86376e-10,30000
+3.63e+11ns,1,-879624,6.30999e+06,3.86376e-10,30000
+3.64e+11ns,0,6.4288e+06,3.22078e+06,2.3701e+06,7255.91
+3.64e+11ns,1,-909326,6.30578e+06,3.86118e-10,30000
+3.64e+11ns,1,-909326,6.30578e+06,3.86118e-10,30000
+3.65e+11ns,0,6.42509e+06,3.22904e+06,2.36891e+06,7255.91
+3.65e+11ns,1,-939009,6.30143e+06,3.85851e-10,30000
+3.65e+11ns,1,-939009,6.30143e+06,3.85851e-10,30000
+3.66e+11ns,0,6.42137e+06,3.23731e+06,2.36772e+06,7255.91
+3.66e+11ns,1,-968671,6.29694e+06,3.85576e-10,30000
+3.66e+11ns,1,-968671,6.29694e+06,3.85576e-10,30000
+3.67e+11ns,0,6.41764e+06,3.24557e+06,2.36652e+06,7255.91
+3.67e+11ns,1,-998311,6.29231e+06,3.85293e-10,30000
+3.67e+11ns,1,-998311,6.29231e+06,3.85293e-10,30000
+3.68e+11ns,0,6.4139e+06,3.25382e+06,2.36532e+06,7255.91
+3.68e+11ns,1,-1.02793e+06,6.28754e+06,3.85001e-10,30000
+3.68e+11ns,1,-1.02793e+06,6.28754e+06,3.85001e-10,30000
+3.69e+11ns,0,6.41015e+06,3.26207e+06,2.36412e+06,7255.91
+3.69e+11ns,1,-1.05752e+06,6.28263e+06,3.847e-10,30000
+3.69e+11ns,1,-1.05752e+06,6.28263e+06,3.847e-10,30000
+3.7e+11ns,0,6.40639e+06,3.27031e+06,2.36292e+06,7255.91
+3.7e+11ns,1,-1.0871e+06,6.27758e+06,3.84391e-10,30000
+3.7e+11ns,1,-1.0871e+06,6.27758e+06,3.84391e-10,30000
+3.71e+11ns,0,6.40262e+06,3.27855e+06,2.36171e+06,7255.91
+3.71e+11ns,1,-1.11664e+06,6.27239e+06,3.84073e-10,30000
+3.71e+11ns,1,-1.11664e+06,6.27239e+06,3.84073e-10,30000
+3.72e+11ns,0,6.39885e+06,3.28679e+06,2.3605e+06,7255.91
+3.72e+11ns,1,-1.14617e+06,6.26706e+06,3.83747e-10,30000
+3.72e+11ns,1,-1.14617e+06,6.26706e+06,3.83747e-10,30000
+3.73e+11ns,0,6.39506e+06,3.29502e+06,2.35928e+06,7255.91
+3.73e+11ns,1,-1.17567e+06,6.26159e+06,3.83412e-10,30000
+3.73e+11ns,1,-1.17567e+06,6.26159e+06,3.83412e-10,30000
+3.74e+11ns,0,6.39127e+06,3.30324e+06,2.35807e+06,7255.91
+3.74e+11ns,1,-1.20514e+06,6.25599e+06,3.83069e-10,30000
+3.74e+11ns,1,-1.20514e+06,6.25599e+06,3.83069e-10,30000
+3.75e+11ns,0,6.38746e+06,3.31146e+06,2.35685e+06,7255.91
+3.75e+11ns,1,-1.23458e+06,6.25024e+06,3.82717e-10,30000
+3.75e+11ns,1,-1.23458e+06,6.25024e+06,3.82717e-10,30000
+3.76e+11ns,0,6.38365e+06,3.31968e+06,2.35562e+06,7255.91
+3.76e+11ns,1,-1.264e+06,6.24436e+06,3.82357e-10,30000
+3.76e+11ns,1,-1.264e+06,6.24436e+06,3.82357e-10,30000
+3.77e+11ns,0,6.37982e+06,3.32789e+06,2.3544e+06,7255.91
+3.77e+11ns,1,-1.29339e+06,6.23834e+06,3.81988e-10,30000
+3.77e+11ns,1,-1.29339e+06,6.23834e+06,3.81988e-10,30000
+3.78e+11ns,0,6.37599e+06,3.3361e+06,2.35317e+06,7255.91
+3.78e+11ns,1,-1.32275e+06,6.23218e+06,3.81611e-10,30000
+3.78e+11ns,1,-1.32275e+06,6.23218e+06,3.81611e-10,30000
+3.79e+11ns,0,6.37215e+06,3.3443e+06,2.35194e+06,7255.91
+3.79e+11ns,1,-1.35208e+06,6.22588e+06,3.81225e-10,30000
+3.79e+11ns,1,-1.35208e+06,6.22588e+06,3.81225e-10,30000
+3.8e+11ns,0,6.36829e+06,3.35249e+06,2.3507e+06,7255.91
+3.8e+11ns,1,-1.38138e+06,6.21945e+06,3.80831e-10,30000
+3.8e+11ns,1,-1.38138e+06,6.21945e+06,3.80831e-10,30000
+3.81e+11ns,0,6.36443e+06,3.36069e+06,2.34946e+06,7255.91
+3.81e+11ns,1,-1.41065e+06,6.21287e+06,3.80429e-10,30000
+3.81e+11ns,1,-1.41065e+06,6.21287e+06,3.80429e-10,30000
+3.82e+11ns,0,6.36056e+06,3.36887e+06,2.34822e+06,7255.91
+3.82e+11ns,1,-1.43989e+06,6.20616e+06,3.80018e-10,30000
+3.82e+11ns,1,-1.43989e+06,6.20616e+06,3.80018e-10,30000
+3.83e+11ns,0,6.35668e+06,3.37705e+06,2.34698e+06,7255.91
+3.83e+11ns,1,-1.4691e+06,6.19931e+06,3.79599e-10,30000
+3.83e+11ns,1,-1.4691e+06,6.19931e+06,3.79599e-10,30000
+3.84e+11ns,0,6.35279e+06,3.38523e+06,2.34573e+06,7255.91
+3.84e+11ns,1,-1.49828e+06,6.19233e+06,3.79171e-10,30000
+3.84e+11ns,1,-1.49828e+06,6.19233e+06,3.79171e-10,30000
+3.85e+11ns,0,6.34889e+06,3.3934e+06,2.34448e+06,7255.91
+3.85e+11ns,1,-1.52742e+06,6.1852e+06,3.78735e-10,30000
+3.85e+11ns,1,-1.52742e+06,6.1852e+06,3.78735e-10,30000
+3.86e+11ns,0,6.34498e+06,3.40157e+06,2.34322e+06,7255.91
+3.86e+11ns,1,-1.55653e+06,6.17794e+06,3.7829e-10,30000
+3.86e+11ns,1,-1.55653e+06,6.17794e+06,3.7829e-10,30000
+3.87e+11ns,0,6.34106e+06,3.40973e+06,2.34197e+06,7255.91
+3.87e+11ns,1,-1.5856e+06,6.17055e+06,3.77837e-10,30000
+3.87e+11ns,1,-1.5856e+06,6.17055e+06,3.77837e-10,30000
+3.88e+11ns,0,6.33714e+06,3.41789e+06,2.34071e+06,7255.91
+3.88e+11ns,1,-1.61464e+06,6.16301e+06,3.77376e-10,30000
+3.88e+11ns,1,-1.61464e+06,6.16301e+06,3.77376e-10,30000
+3.89e+11ns,0,6.3332e+06,3.42604e+06,2.33945e+06,7255.91
+3.89e+11ns,1,-1.64364e+06,6.15534e+06,3.76906e-10,30000
+3.89e+11ns,1,-1.64364e+06,6.15534e+06,3.76906e-10,30000
+3.9e+11ns,0,6.32925e+06,3.43419e+06,2.33818e+06,7255.91
+3.9e+11ns,1,-1.67261e+06,6.14753e+06,3.76428e-10,30000
+3.9e+11ns,1,-1.67261e+06,6.14753e+06,3.76428e-10,30000
+3.91e+11ns,0,6.3253e+06,3.44233e+06,2.33691e+06,7255.91
+3.91e+11ns,1,-1.70154e+06,6.13959e+06,3.75941e-10,30000
+3.91e+11ns,1,-1.70154e+06,6.13959e+06,3.75941e-10,30000
+3.92e+11ns,0,6.32133e+06,3.45047e+06,2.33564e+06,7255.91
+3.92e+11ns,1,-1.73043e+06,6.13151e+06,3.75447e-10,30000
+3.92e+11ns,1,-1.73043e+06,6.13151e+06,3.75447e-10,30000
+3.93e+11ns,0,6.31736e+06,3.4586e+06,2.33436e+06,7255.91
+3.93e+11ns,1,-1.75928e+06,6.12329e+06,3.74943e-10,30000
+3.93e+11ns,1,-1.75928e+06,6.12329e+06,3.74943e-10,30000
+3.94e+11ns,0,6.31338e+06,3.46672e+06,2.33309e+06,7255.91
+3.94e+11ns,1,-1.78809e+06,6.11494e+06,3.74432e-10,30000
+3.94e+11ns,1,-1.78809e+06,6.11494e+06,3.74432e-10,30000
+3.95e+11ns,0,6.30938e+06,3.47485e+06,2.33181e+06,7255.91
+3.95e+11ns,1,-1.81687e+06,6.10645e+06,3.73912e-10,30000
+3.95e+11ns,1,-1.81687e+06,6.10645e+06,3.73912e-10,30000
+3.96e+11ns,0,6.30538e+06,3.48296e+06,2.33052e+06,7255.91
+3.96e+11ns,1,-1.8456e+06,6.09783e+06,3.73384e-10,30000
+3.96e+11ns,1,-1.8456e+06,6.09783e+06,3.73384e-10,30000
+3.97e+11ns,0,6.30137e+06,3.49107e+06,2.32923e+06,7255.91
+3.97e+11ns,1,-1.8743e+06,6.08907e+06,3.72848e-10,30000
+3.97e+11ns,1,-1.8743e+06,6.08907e+06,3.72848e-10,30000
+3.98e+11ns,0,6.29735e+06,3.49918e+06,2.32794e+06,7255.91
+3.98e+11ns,1,-1.90295e+06,6.08018e+06,3.72303e-10,30000
+3.98e+11ns,1,-1.90295e+06,6.08018e+06,3.72303e-10,30000
+3.99e+11ns,0,6.29332e+06,3.50728e+06,2.32665e+06,7255.91
+3.99e+11ns,1,-1.93156e+06,6.07115e+06,3.71751e-10,30000
+3.99e+11ns,1,-1.93156e+06,6.07115e+06,3.71751e-10,30000
+4e+11ns,0,6.28928e+06,3.51538e+06,2.32536e+06,7255.91
+4e+11ns,1,-1.96012e+06,6.06199e+06,3.7119e-10,30000
+4e+11ns,1,-1.96012e+06,6.06199e+06,3.7119e-10,30000
+4.01e+11ns,0,6.28523e+06,3.52347e+06,2.32406e+06,7255.91
+4.01e+11ns,1,-1.98865e+06,6.05269e+06,3.7062e-10,30000
+4.01e+11ns,1,-1.98865e+06,6.05269e+06,3.7062e-10,30000
+4.02e+11ns,0,6.28117e+06,3.53155e+06,2.32275e+06,7255.91
+4.02e+11ns,1,-2.01712e+06,6.04326e+06,3.70043e-10,30000
+4.02e+11ns,1,-2.01712e+06,6.04326e+06,3.70043e-10,30000
+4.03e+11ns,0,6.2771e+06,3.53963e+06,2.32145e+06,7255.91
+4.03e+11ns,1,-2.04556e+06,6.03369e+06,3.69457e-10,30000
+4.03e+11ns,1,-2.04556e+06,6.03369e+06,3.69457e-10,30000
+4.04e+11ns,0,6.27303e+06,3.54771e+06,2.32014e+06,7255.91
+4.04e+11ns,1,-2.07395e+06,6.02399e+06,3.68863e-10,30000
+4.04e+11ns,1,-2.07395e+06,6.02399e+06,3.68863e-10,30000
+4.05e+11ns,0,6.26894e+06,3.55578e+06,2.31883e+06,7255.91
+4.05e+11ns,1,-2.10229e+06,6.01416e+06,3.68261e-10,30000
+4.05e+11ns,1,-2.10229e+06,6.01416e+06,3.68261e-10,30000
+4.06e+11ns,0,6.26485e+06,3.56385e+06,2.31752e+06,7255.91
+4.06e+11ns,1,-2.13059e+06,6.00419e+06,3.67651e-10,30000
+4.06e+11ns,1,-2.13059e+06,6.00419e+06,3.67651e-10,30000
+4.07e+11ns,0,6.26074e+06,3.57191e+06,2.3162e+06,7255.91
+4.07e+11ns,1,-2.15884e+06,5.9941e+06,3.67033e-10,30000
+4.07e+11ns,1,-2.15884e+06,5.9941e+06,3.67033e-10,30000
+4.08e+11ns,0,6.25663e+06,3.57996e+06,2.31488e+06,7255.91
+4.08e+11ns,1,-2.18704e+06,5.98386e+06,3.66406e-10,30000
+4.08e+11ns,1,-2.18704e+06,5.98386e+06,3.66406e-10,30000
+4.09e+11ns,0,6.2525e+06,3.58801e+06,2.31356e+06,7255.91
+4.09e+11ns,1,-2.21519e+06,5.9735e+06,3.65771e-10,30000
+4.09e+11ns,1,-2.21519e+06,5.9735e+06,3.65771e-10,30000
+4.1e+11ns,0,6.24837e+06,3.59606e+06,2.31223e+06,7255.91
+4.1e+11ns,1,-2.24329e+06,5.963e+06,3.65129e-10,30000
+4.1e+11ns,1,-2.24329e+06,5.963e+06,3.65129e-10,30000
+4.11e+11ns,0,6.24423e+06,3.60409e+06,2.3109e+06,7255.91
+4.11e+11ns,1,-2.27135e+06,5.95237e+06,3.64478e-10,30000
+4.11e+11ns,1,-2.27135e+06,5.95237e+06,3.64478e-10,30000
+4.12e+11ns,0,6.24008e+06,3.61213e+06,2.30957e+06,7255.91
+4.12e+11ns,1,-2.29935e+06,5.94161e+06,3.63819e-10,30000
+4.12e+11ns,1,-2.29935e+06,5.94161e+06,3.63819e-10,30000
+4.13e+11ns,0,6.23592e+06,3.62016e+06,2.30823e+06,7255.91
+4.13e+11ns,1,-2.3273e+06,5.93072e+06,3.63152e-10,30000
+4.13e+11ns,1,-2.3273e+06,5.93072e+06,3.63152e-10,30000
+4.14e+11ns,0,6.23175e+06,3.62818e+06,2.3069e+06,7255.91
+4.14e+11ns,1,-2.3552e+06,5.91969e+06,3.62477e-10,30000
+4.14e+11ns,1,-2.3552e+06,5.91969e+06,3.62477e-10,30000
+4.15e+11ns,0,6.22757e+06,3.6362e+06,2.30555e+06,7255.91
+4.15e+11ns,1,-2.38305e+06,5.90854e+06,3.61794e-10,30000
+4.15e+11ns,1,-2.38305e+06,5.90854e+06,3.61794e-10,30000
+4.16e+11ns,0,6.22338e+06,3.64421e+06,2.30421e+06,7255.91
+4.16e+11ns,1,-2.41085e+06,5.89725e+06,3.61102e-10,30000
+4.16e+11ns,1,-2.41085e+06,5.89725e+06,3.61102e-10,30000
+4.17e+11ns,0,6.21919e+06,3.65222e+06,2.30286e+06,7255.91
+4.17e+11ns,1,-2.43859e+06,5.88583e+06,3.60403e-10,30000
+4.17e+11ns,1,-2.43859e+06,5.88583e+06,3.60403e-10,30000
+4.18e+11ns,0,6.21498e+06,3.66022e+06,2.30151e+06,7255.91
+4.18e+11ns,1,-2.46628e+06,5.87429e+06,3.59696e-10,30000
+4.18e+11ns,1,-2.46628e+06,5.87429e+06,3.59696e-10,30000
+4.19e+11ns,0,6.21077e+06,3.66822e+06,2.30016e+06,7255.91
+4.19e+11ns,1,-2.49391e+06,5.86261e+06,3.58981e-10,30000
+4.19e+11ns,1,-2.49391e+06,5.86261e+06,3.58981e-10,30000
+4.2e+11ns,0,6.20654e+06,3.67621e+06,2.2988e+06,7255.91
+4.2e+11ns,1,-2.52149e+06,5.8508e+06,3.58258e-10,30000
+4.2e+11ns,1,-2.52149e+06,5.8508e+06,3.58258e-10,30000
+4.21e+11ns,0,6.20231e+06,3.68419e+06,2.29745e+06,7255.91
+4.21e+11ns,1,-2.54901e+06,5.83886e+06,3.57527e-10,30000
+4.21e+11ns,1,-2.54901e+06,5.83886e+06,3.57527e-10,30000
+4.22e+11ns,0,6.19807e+06,3.69217e+06,2.29608e+06,7255.91
+4.22e+11ns,1,-2.57648e+06,5.82679e+06,3.56788e-10,30000
+4.22e+11ns,1,-2.57648e+06,5.82679e+06,3.56788e-10,30000
+4.23e+11ns,0,6.19381e+06,3.70015e+06,2.29472e+06,7255.91
+4.23e+11ns,1,-2.60389e+06,5.8146e+06,3.56041e-10,30000
+4.23e+11ns,1,-2.60389e+06,5.8146e+06,3.56041e-10,30000
+4.24e+11ns,0,6.18955e+06,3.70812e+06,2.29335e+06,7255.91
+4.24e+11ns,1,-2.63124e+06,5.80227e+06,3.55287e-10,30000
+4.24e+11ns,1,-2.63124e+06,5.80227e+06,3.55287e-10,30000
+4.25e+11ns,0,6.18528e+06,3.71608e+06,2.29198e+06,7255.91
+4.25e+11ns,1,-2.65853e+06,5.78982e+06,3.54524e-10,30000
+4.25e+11ns,1,-2.65853e+06,5.78982e+06,3.54524e-10,30000
+4.26e+11ns,0,6.181e+06,3.72404e+06,2.29061e+06,7255.91
+4.26e+11ns,1,-2.68576e+06,5.77723e+06,3.53754e-10,30000
+4.26e+11ns,1,-2.68576e+06,5.77723e+06,3.53754e-10,30000
+4.27e+11ns,0,6.17671e+06,3.732e+06,2.28923e+06,7255.91
+4.27e+11ns,1,-2.71294e+06,5.76452e+06,3.52975e-10,30000
+4.27e+11ns,1,-2.71294e+06,5.76452e+06,3.52975e-10,30000
+4.28e+11ns,0,6.17242e+06,3.73995e+06,2.28785e+06,7255.91
+4.28e+11ns,1,-2.74005e+06,5.75168e+06,3.52189e-10,30000
+4.28e+11ns,1,-2.74005e+06,5.75168e+06,3.52189e-10,30000
+4.29e+11ns,0,6.16811e+06,3.74789e+06,2.28647e+06,7255.91
+4.29e+11ns,1,-2.76711e+06,5.73872e+06,3.51395e-10,30000
+4.29e+11ns,1,-2.76711e+06,5.73872e+06,3.51395e-10,30000
+4.3e+11ns,0,6.16379e+06,3.75582e+06,2.28508e+06,7255.91
+4.3e+11ns,1,-2.7941e+06,5.72562e+06,3.50593e-10,30000
+4.3e+11ns,1,-2.7941e+06,5.72562e+06,3.50593e-10,30000
+4.31e+11ns,0,6.15947e+06,3.76376e+06,2.28369e+06,7255.91
+4.31e+11ns,1,-2.82103e+06,5.7124e+06,3.49784e-10,30000
+4.31e+11ns,1,-2.82103e+06,5.7124e+06,3.49784e-10,30000
+4.32e+11ns,0,6.15514e+06,3.77168e+06,2.2823e+06,7255.91
+4.32e+11ns,1,-2.8479e+06,5.69906e+06,3.48967e-10,30000
+4.32e+11ns,1,-2.8479e+06,5.69906e+06,3.48967e-10,30000
+4.33e+11ns,0,6.15079e+06,3.7796e+06,2.28091e+06,7255.91
+4.33e+11ns,1,-2.8747e+06,5.68558e+06,3.48142e-10,30000
+4.33e+11ns,1,-2.8747e+06,5.68558e+06,3.48142e-10,30000
+4.34e+11ns,0,6.14644e+06,3.78752e+06,2.27951e+06,7255.91
+4.34e+11ns,1,-2.90144e+06,5.67198e+06,3.47309e-10,30000
+4.34e+11ns,1,-2.90144e+06,5.67198e+06,3.47309e-10,30000
+4.35e+11ns,0,6.14208e+06,3.79543e+06,2.27811e+06,7255.91
+4.35e+11ns,1,-2.92812e+06,5.65826e+06,3.46468e-10,30000
+4.35e+11ns,1,-2.92812e+06,5.65826e+06,3.46468e-10,30000
+4.36e+11ns,0,6.13771e+06,3.80333e+06,2.2767e+06,7255.91
+4.36e+11ns,1,-2.95473e+06,5.64441e+06,3.4562e-10,30000
+4.36e+11ns,1,-2.95473e+06,5.64441e+06,3.4562e-10,30000
+4.37e+11ns,0,6.13333e+06,3.81123e+06,2.2753e+06,7255.91
+4.37e+11ns,1,-2.98127e+06,5.63043e+06,3.44765e-10,30000
+4.37e+11ns,1,-2.98127e+06,5.63043e+06,3.44765e-10,30000
+4.38e+11ns,0,6.12894e+06,3.81912e+06,2.27389e+06,7255.91
+4.38e+11ns,1,-3.00775e+06,5.61633e+06,3.43901e-10,30000
+4.38e+11ns,1,-3.00775e+06,5.61633e+06,3.43901e-10,30000
+4.39e+11ns,0,6.12454e+06,3.82701e+06,2.27248e+06,7255.91
+4.39e+11ns,1,-3.03417e+06,5.60211e+06,3.4303e-10,30000
+4.39e+11ns,1,-3.03417e+06,5.60211e+06,3.4303e-10,30000
+4.4e+11ns,0,6.12013e+06,3.83489e+06,2.27106e+06,7255.91
+4.4e+11ns,1,-3.06051e+06,5.58776e+06,3.42151e-10,30000
+4.4e+11ns,1,-3.06051e+06,5.58776e+06,3.42151e-10,30000
+4.41e+11ns,0,6.11572e+06,3.84277e+06,2.26964e+06,7255.91
+4.41e+11ns,1,-3.08679e+06,5.57328e+06,3.41265e-10,30000
+4.41e+11ns,1,-3.08679e+06,5.57328e+06,3.41265e-10,30000
+4.42e+11ns,0,6.11129e+06,3.85064e+06,2.26822e+06,7255.91
+4.42e+11ns,1,-3.113e+06,5.55869e+06,3.40371e-10,30000
+4.42e+11ns,1,-3.113e+06,5.55869e+06,3.40371e-10,30000
+4.43e+11ns,0,6.10686e+06,3.85851e+06,2.2668e+06,7255.91
+4.43e+11ns,1,-3.13914e+06,5.54397e+06,3.3947e-10,30000
+4.43e+11ns,1,-3.13914e+06,5.54397e+06,3.3947e-10,30000
+4.44e+11ns,0,6.10242e+06,3.86637e+06,2.26537e+06,7255.91
+4.44e+11ns,1,-3.16521e+06,5.52912e+06,3.38561e-10,30000
+4.44e+11ns,1,-3.16521e+06,5.52912e+06,3.38561e-10,30000
+4.45e+11ns,0,6.09797e+06,3.87422e+06,2.26394e+06,7255.91
+4.45e+11ns,1,-3.19121e+06,5.51416e+06,3.37645e-10,30000
+4.45e+11ns,1,-3.19121e+06,5.51416e+06,3.37645e-10,30000
+4.46e+11ns,0,6.0935e+06,3.88207e+06,2.26251e+06,7255.91
+4.46e+11ns,1,-3.21714e+06,5.49907e+06,3.36721e-10,30000
+4.46e+11ns,1,-3.21714e+06,5.49907e+06,3.36721e-10,30000
+4.47e+11ns,0,6.08903e+06,3.88991e+06,2.26107e+06,7255.91
+4.47e+11ns,1,-3.243e+06,5.48386e+06,3.3579e-10,30000
+4.47e+11ns,1,-3.243e+06,5.48386e+06,3.3579e-10,30000
+4.48e+11ns,0,6.08456e+06,3.89775e+06,2.25963e+06,7255.91
+4.48e+11ns,1,-3.26878e+06,5.46853e+06,3.34851e-10,30000
+4.48e+11ns,1,-3.26878e+06,5.46853e+06,3.34851e-10,30000
+4.49e+11ns,0,6.08007e+06,3.90558e+06,2.25819e+06,7255.91
+4.49e+11ns,1,-3.2945e+06,5.45308e+06,3.33905e-10,30000
+4.49e+11ns,1,-3.2945e+06,5.45308e+06,3.33905e-10,30000
+4.5e+11ns,0,6.07557e+06,3.9134e+06,2.25675e+06,7255.91
+4.5e+11ns,1,-3.32014e+06,5.4375e+06,3.32951e-10,30000
+4.5e+11ns,1,-3.32014e+06,5.4375e+06,3.32951e-10,30000
+4.51e+11ns,0,6.07106e+06,3.92122e+06,2.2553e+06,7255.91
+4.51e+11ns,1,-3.34571e+06,5.42181e+06,3.3199e-10,30000
+4.51e+11ns,1,-3.34571e+06,5.42181e+06,3.3199e-10,30000
+4.52e+11ns,0,6.06655e+06,3.92904e+06,2.25385e+06,7255.91
+4.52e+11ns,1,-3.3712e+06,5.40599e+06,3.31022e-10,30000
+4.52e+11ns,1,-3.3712e+06,5.40599e+06,3.31022e-10,30000
+4.53e+11ns,0,6.06202e+06,3.93684e+06,2.25239e+06,7255.91
+4.53e+11ns,1,-3.39662e+06,5.39006e+06,3.30046e-10,30000
+4.53e+11ns,1,-3.39662e+06,5.39006e+06,3.30046e-10,30000
+4.54e+11ns,0,6.05749e+06,3.94465e+06,2.25094e+06,7255.91
+4.54e+11ns,1,-3.42196e+06,5.37401e+06,3.29063e-10,30000
+4.54e+11ns,1,-3.42196e+06,5.37401e+06,3.29063e-10,30000
+4.55e+11ns,0,6.05295e+06,3.95244e+06,2.24948e+06,7255.91
+4.55e+11ns,1,-3.44723e+06,5.35783e+06,3.28073e-10,30000
+4.55e+11ns,1,-3.44723e+06,5.35783e+06,3.28073e-10,30000
+4.56e+11ns,0,6.0484e+06,3.96024e+06,2.24802e+06,7255.91
+4.56e+11ns,1,-3.47242e+06,5.34154e+06,3.27075e-10,30000
+4.56e+11ns,1,-3.47242e+06,5.34154e+06,3.27075e-10,30000
+4.57e+11ns,0,6.04384e+06,3.96802e+06,2.24655e+06,7255.91
+4.57e+11ns,1,-3.49753e+06,5.32513e+06,3.2607e-10,30000
+4.57e+11ns,1,-3.49753e+06,5.32513e+06,3.2607e-10,30000
+4.58e+11ns,0,6.03927e+06,3.9758e+06,2.24508e+06,7255.91
+4.58e+11ns,1,-3.52257e+06,5.3086e+06,3.25058e-10,30000
+4.58e+11ns,1,-3.52257e+06,5.3086e+06,3.25058e-10,30000
+4.59e+11ns,0,6.03469e+06,3.98357e+06,2.24361e+06,7255.91
+4.59e+11ns,1,-3.54753e+06,5.29196e+06,3.24039e-10,30000
+4.59e+11ns,1,-3.54753e+06,5.29196e+06,3.24039e-10,30000
+4.6e+11ns,0,6.03011e+06,3.99134e+06,2.24214e+06,7255.91
+4.6e+11ns,1,-3.57241e+06,5.27519e+06,3.23012e-10,30000
+4.6e+11ns,1,-3.57241e+06,5.27519e+06,3.23012e-10,30000
+4.61e+11ns,0,6.02551e+06,3.9991e+06,2.24066e+06,7255.91
+4.61e+11ns,1,-3.59721e+06,5.25831e+06,3.21979e-10,30000
+4.61e+11ns,1,-3.59721e+06,5.25831e+06,3.21979e-10,30000
+4.62e+11ns,0,6.02091e+06,4.00686e+06,2.23918e+06,7255.91
+4.62e+11ns,1,-3.62193e+06,5.24132e+06,3.20938e-10,30000
+4.62e+11ns,1,-3.62193e+06,5.24132e+06,3.20938e-10,30000
+4.63e+11ns,0,6.01629e+06,4.01461e+06,2.2377e+06,7255.91
+4.63e+11ns,1,-3.64657e+06,5.2242e+06,3.1989e-10,30000
+4.63e+11ns,1,-3.64657e+06,5.2242e+06,3.1989e-10,30000
+4.64e+11ns,0,6.01167e+06,4.02235e+06,2.23621e+06,7255.91
+4.64e+11ns,1,-3.67113e+06,5.20697e+06,3.18835e-10,30000
+4.64e+11ns,1,-3.67113e+06,5.20697e+06,3.18835e-10,30000
+4.65e+11ns,0,6.00704e+06,4.03009e+06,2.23473e+06,7255.91
+4.65e+11ns,1,-3.69561e+06,5.18963e+06,3.17773e-10,30000
+4.65e+11ns,1,-3.69561e+06,5.18963e+06,3.17773e-10,30000
+4.66e+11ns,0,6.0024e+06,4.03783e+06,2.23324e+06,7255.91
+4.66e+11ns,1,-3.72e+06,5.17217e+06,3.16704e-10,30000
+4.66e+11ns,1,-3.72e+06,5.17217e+06,3.16704e-10,30000
+4.67e+11ns,0,5.99775e+06,4.04555e+06,2.23174e+06,7255.91
+4.67e+11ns,1,-3.74432e+06,5.1546e+06,3.15628e-10,30000
+4.67e+11ns,1,-3.74432e+06,5.1546e+06,3.15628e-10,30000
+4.68e+11ns,0,5.99309e+06,4.05327e+06,2.23024e+06,7255.91
+4.68e+11ns,1,-3.76855e+06,5.13691e+06,3.14545e-10,30000
+4.68e+11ns,1,-3.76855e+06,5.13691e+06,3.14545e-10,30000
+4.69e+11ns,0,5.98843e+06,4.06099e+06,2.22874e+06,7255.91
+4.69e+11ns,1,-3.79269e+06,5.11911e+06,3.13455e-10,30000
+4.69e+11ns,1,-3.79269e+06,5.11911e+06,3.13455e-10,30000
+4.7e+11ns,0,5.98375e+06,4.0687e+06,2.22724e+06,7255.91
+4.7e+11ns,1,-3.81676e+06,5.10119e+06,3.12358e-10,30000
+4.7e+11ns,1,-3.81676e+06,5.10119e+06,3.12358e-10,30000
+4.71e+11ns,0,5.97907e+06,4.0764e+06,2.22574e+06,7255.91
+4.71e+11ns,1,-3.84073e+06,5.08316e+06,3.11254e-10,30000
+4.71e+11ns,1,-3.84073e+06,5.08316e+06,3.11254e-10,30000
+4.72e+11ns,0,5.97437e+06,4.0841e+06,2.22423e+06,7255.91
+4.72e+11ns,1,-3.86463e+06,5.06502e+06,3.10143e-10,30000
+4.72e+11ns,1,-3.86463e+06,5.06502e+06,3.10143e-10,30000
+4.73e+11ns,0,5.96967e+06,4.09179e+06,2.22272e+06,7255.91
+4.73e+11ns,1,-3.88843e+06,5.04676e+06,3.09025e-10,30000
+4.73e+11ns,1,-3.88843e+06,5.04676e+06,3.09025e-10,30000
+4.74e+11ns,0,5.96496e+06,4.09947e+06,2.2212e+06,7255.91
+4.74e+11ns,1,-3.91216e+06,5.0284e+06,3.07901e-10,30000
+4.74e+11ns,1,-3.91216e+06,5.0284e+06,3.07901e-10,30000
+4.75e+11ns,0,5.96024e+06,4.10715e+06,2.21968e+06,7255.91
+4.75e+11ns,1,-3.93579e+06,5.00992e+06,3.06769e-10,30000
+4.75e+11ns,1,-3.93579e+06,5.00992e+06,3.06769e-10,30000
+4.76e+11ns,0,5.95551e+06,4.11483e+06,2.21816e+06,7255.91
+4.76e+11ns,1,-3.95934e+06,4.99133e+06,3.05631e-10,30000
+4.76e+11ns,1,-3.95934e+06,4.99133e+06,3.05631e-10,30000
+4.77e+11ns,0,5.95078e+06,4.12249e+06,2.21664e+06,7255.91
+4.77e+11ns,1,-3.9828e+06,4.97263e+06,3.04486e-10,30000
+4.77e+11ns,1,-3.9828e+06,4.97263e+06,3.04486e-10,30000
+4.78e+11ns,0,5.94603e+06,4.13015e+06,2.21511e+06,7255.91
+4.78e+11ns,1,-4.00617e+06,4.95382e+06,3.03334e-10,30000
+4.78e+11ns,1,-4.00617e+06,4.95382e+06,3.03334e-10,30000
+4.79e+11ns,0,5.94127e+06,4.13781e+06,2.21359e+06,7255.91
+4.79e+11ns,1,-4.02945e+06,4.93491e+06,3.02176e-10,30000
+4.79e+11ns,1,-4.02945e+06,4.93491e+06,3.02176e-10,30000
+4.8e+11ns,0,5.93651e+06,4.14546e+06,2.21205e+06,7255.91
+4.8e+11ns,1,-4.05264e+06,4.91588e+06,3.01011e-10,30000
+4.8e+11ns,1,-4.05264e+06,4.91588e+06,3.01011e-10,30000
+4.81e+11ns,0,5.93174e+06,4.1531e+06,2.21052e+06,7255.91
+4.81e+11ns,1,-4.07575e+06,4.89674e+06,2.99839e-10,30000
+4.81e+11ns,1,-4.07575e+06,4.89674e+06,2.99839e-10,30000
+4.82e+11ns,0,5.92696e+06,4.16074e+06,2.20898e+06,7255.91
+4.82e+11ns,1,-4.09876e+06,4.87749e+06,2.9866e-10,30000
+4.82e+11ns,1,-4.09876e+06,4.87749e+06,2.9866e-10,30000
+4.83e+11ns,0,5.92217e+06,4.16837e+06,2.20744e+06,7255.91
+4.83e+11ns,1,-4.12168e+06,4.85814e+06,2.97475e-10,30000
+4.83e+11ns,1,-4.12168e+06,4.85814e+06,2.97475e-10,30000
+4.84e+11ns,0,5.91737e+06,4.176e+06,2.2059e+06,7255.91
+4.84e+11ns,1,-4.14451e+06,4.83868e+06,2.96283e-10,30000
+4.84e+11ns,1,-4.14451e+06,4.83868e+06,2.96283e-10,30000
+4.85e+11ns,0,5.91256e+06,4.18361e+06,2.20435e+06,7255.91
+4.85e+11ns,1,-4.16725e+06,4.81911e+06,2.95085e-10,30000
+4.85e+11ns,1,-4.16725e+06,4.81911e+06,2.95085e-10,30000
+4.86e+11ns,0,5.90774e+06,4.19123e+06,2.2028e+06,7255.91
+4.86e+11ns,1,-4.1899e+06,4.79943e+06,2.9388e-10,30000
+4.86e+11ns,1,-4.1899e+06,4.79943e+06,2.9388e-10,30000
+4.87e+11ns,0,5.90292e+06,4.19883e+06,2.20125e+06,7255.91
+4.87e+11ns,1,-4.21245e+06,4.77965e+06,2.92669e-10,30000
+4.87e+11ns,1,-4.21245e+06,4.77965e+06,2.92669e-10,30000
+4.88e+11ns,0,5.89809e+06,4.20643e+06,2.1997e+06,7255.91
+4.88e+11ns,1,-4.23491e+06,4.75976e+06,2.91451e-10,30000
+4.88e+11ns,1,-4.23491e+06,4.75976e+06,2.91451e-10,30000
+4.89e+11ns,0,5.89324e+06,4.21403e+06,2.19814e+06,7255.91
+4.89e+11ns,1,-4.25727e+06,4.73977e+06,2.90227e-10,30000
+4.89e+11ns,1,-4.25727e+06,4.73977e+06,2.90227e-10,30000
+4.9e+11ns,0,5.88839e+06,4.22162e+06,2.19658e+06,7255.91
+4.9e+11ns,1,-4.27955e+06,4.71967e+06,2.88996e-10,30000
+4.9e+11ns,1,-4.27955e+06,4.71967e+06,2.88996e-10,30000
+4.91e+11ns,0,5.88353e+06,4.2292e+06,2.19502e+06,7255.91
+4.91e+11ns,1,-4.30172e+06,4.69946e+06,2.87759e-10,30000
+4.91e+11ns,1,-4.30172e+06,4.69946e+06,2.87759e-10,30000
+4.92e+11ns,0,5.87866e+06,4.23677e+06,2.19345e+06,7255.91
+4.92e+11ns,1,-4.3238e+06,4.67915e+06,2.86516e-10,30000
+4.92e+11ns,1,-4.3238e+06,4.67915e+06,2.86516e-10,30000
+4.93e+11ns,0,5.87379e+06,4.24434e+06,2.19188e+06,7255.91
+4.93e+11ns,1,-4.34579e+06,4.65874e+06,2.85266e-10,30000
+4.93e+11ns,1,-4.34579e+06,4.65874e+06,2.85266e-10,30000
+4.94e+11ns,0,5.8689e+06,4.25191e+06,2.19031e+06,7255.91
+4.94e+11ns,1,-4.36768e+06,4.63823e+06,2.84009e-10,30000
+4.94e+11ns,1,-4.36768e+06,4.63823e+06,2.84009e-10,30000
+4.95e+11ns,0,5.86401e+06,4.25946e+06,2.18874e+06,7255.91
+4.95e+11ns,1,-4.38947e+06,4.61761e+06,2.82747e-10,30000
+4.95e+11ns,1,-4.38947e+06,4.61761e+06,2.82747e-10,30000
+4.96e+11ns,0,5.8591e+06,4.26702e+06,2.18716e+06,7255.91
+4.96e+11ns,1,-4.41116e+06,4.59689e+06,2.81478e-10,30000
+4.96e+11ns,1,-4.41116e+06,4.59689e+06,2.81478e-10,30000
+4.97e+11ns,0,5.85419e+06,4.27456e+06,2.18558e+06,7255.91
+4.97e+11ns,1,-4.43276e+06,4.57607e+06,2.80203e-10,30000
+4.97e+11ns,1,-4.43276e+06,4.57607e+06,2.80203e-10,30000
+4.98e+11ns,0,5.84927e+06,4.2821e+06,2.184e+06,7255.91
+4.98e+11ns,1,-4.45426e+06,4.55514e+06,2.78922e-10,30000
+4.98e+11ns,1,-4.45426e+06,4.55514e+06,2.78922e-10,30000
+4.99e+11ns,0,5.84434e+06,4.28963e+06,2.18241e+06,7255.91
+4.99e+11ns,1,-4.47566e+06,4.53412e+06,2.77635e-10,30000
+4.99e+11ns,1,-4.47566e+06,4.53412e+06,2.77635e-10,30000
+5e+11ns,0,5.8394e+06,4.29716e+06,2.18082e+06,7255.91
+5e+11ns,1,-4.49696e+06,4.51299e+06,2.76341e-10,30000
+5e+11ns,1,-4.49696e+06,4.51299e+06,2.76341e-10,30000
+5.01e+11ns,0,5.83446e+06,4.30468e+06,2.17923e+06,7255.91
+5.01e+11ns,1,-4.51816e+06,4.49177e+06,2.75041e-10,30000
+5.01e+11ns,1,-4.51816e+06,4.49177e+06,2.75041e-10,30000
+5.02e+11ns,0,5.8295e+06,4.31219e+06,2.17764e+06,7255.91
+5.02e+11ns,1,-4.53926e+06,4.47044e+06,2.73736e-10,30000
+5.02e+11ns,1,-4.53926e+06,4.47044e+06,2.73736e-10,30000
+5.03e+11ns,0,5.82454e+06,4.3197e+06,2.17604e+06,7255.91
+5.03e+11ns,1,-4.56026e+06,4.44902e+06,2.72424e-10,30000
+5.03e+11ns,1,-4.56026e+06,4.44902e+06,2.72424e-10,30000
+5.04e+11ns,0,5.81957e+06,4.3272e+06,2.17444e+06,7255.91
+5.04e+11ns,1,-4.58116e+06,4.4275e+06,2.71106e-10,30000
+5.04e+11ns,1,-4.58116e+06,4.4275e+06,2.71106e-10,30000
+5.05e+11ns,0,5.81458e+06,4.33469e+06,2.17284e+06,7255.91
+5.05e+11ns,1,-4.60196e+06,4.40587e+06,2.69782e-10,30000
+5.05e+11ns,1,-4.60196e+06,4.40587e+06,2.69782e-10,30000
+5.06e+11ns,0,5.80959e+06,4.34218e+06,2.17123e+06,7255.91
+5.06e+11ns,1,-4.62265e+06,4.38416e+06,2.68452e-10,30000
+5.06e+11ns,1,-4.62265e+06,4.38416e+06,2.68452e-10,30000
+5.07e+11ns,0,5.8046e+06,4.34966e+06,2.16962e+06,7255.91
+5.07e+11ns,1,-4.64325e+06,4.36234e+06,2.67116e-10,30000
+5.07e+11ns,1,-4.64325e+06,4.36234e+06,2.67116e-10,30000
+5.08e+11ns,0,5.79959e+06,4.35714e+06,2.16801e+06,7255.91
+5.08e+11ns,1,-4.66374e+06,4.34043e+06,2.65775e-10,30000
+5.08e+11ns,1,-4.66374e+06,4.34043e+06,2.65775e-10,30000
+5.09e+11ns,0,5.79457e+06,4.36461e+06,2.1664e+06,7255.91
+5.09e+11ns,1,-4.68412e+06,4.31842e+06,2.64427e-10,30000
+5.09e+11ns,1,-4.68412e+06,4.31842e+06,2.64427e-10,30000
+5.1e+11ns,0,5.78955e+06,4.37207e+06,2.16478e+06,7255.91
+5.1e+11ns,1,-4.70441e+06,4.29631e+06,2.63073e-10,30000
+5.1e+11ns,1,-4.70441e+06,4.29631e+06,2.63073e-10,30000
+5.11e+11ns,0,5.78452e+06,4.37953e+06,2.16316e+06,7255.91
+5.11e+11ns,1,-4.72458e+06,4.27411e+06,2.61714e-10,30000
+5.11e+11ns,1,-4.72458e+06,4.27411e+06,2.61714e-10,30000
+5.12e+11ns,0,5.77948e+06,4.38698e+06,2.16154e+06,7255.91
+5.12e+11ns,1,-4.74466e+06,4.25182e+06,2.60349e-10,30000
+5.12e+11ns,1,-4.74466e+06,4.25182e+06,2.60349e-10,30000
+5.13e+11ns,0,5.77443e+06,4.39442e+06,2.15991e+06,7255.91
+5.13e+11ns,1,-4.76463e+06,4.22943e+06,2.58978e-10,30000
+5.13e+11ns,1,-4.76463e+06,4.22943e+06,2.58978e-10,30000
+5.14e+11ns,0,5.76937e+06,4.40186e+06,2.15828e+06,7255.91
+5.14e+11ns,1,-4.78449e+06,4.20695e+06,2.57601e-10,30000
+5.14e+11ns,1,-4.78449e+06,4.20695e+06,2.57601e-10,30000
+5.15e+11ns,0,5.7643e+06,4.40929e+06,2.15665e+06,7255.91
+5.15e+11ns,1,-4.80425e+06,4.18437e+06,2.56219e-10,30000
+5.15e+11ns,1,-4.80425e+06,4.18437e+06,2.56219e-10,30000
+5.16e+11ns,0,5.75923e+06,4.41672e+06,2.15502e+06,7255.91
+5.16e+11ns,1,-4.8239e+06,4.1617e+06,2.54831e-10,30000
+5.16e+11ns,1,-4.8239e+06,4.1617e+06,2.54831e-10,30000
+5.17e+11ns,0,5.75414e+06,4.42413e+06,2.15338e+06,7255.91
+5.17e+11ns,1,-4.84344e+06,4.13894e+06,2.53437e-10,30000
+5.17e+11ns,1,-4.84344e+06,4.13894e+06,2.53437e-10,30000
+5.18e+11ns,0,5.74905e+06,4.43155e+06,2.15174e+06,7255.91
+5.18e+11ns,1,-4.86288e+06,4.11609e+06,2.52038e-10,30000
+5.18e+11ns,1,-4.86288e+06,4.11609e+06,2.52038e-10,30000
+5.19e+11ns,0,5.74395e+06,4.43895e+06,2.1501e+06,7255.91
+5.19e+11ns,1,-4.8822e+06,4.09315e+06,2.50633e-10,30000
+5.19e+11ns,1,-4.8822e+06,4.09315e+06,2.50633e-10,30000
+5.2e+11ns,0,5.73884e+06,4.44635e+06,2.14846e+06,7255.91
+5.2e+11ns,1,-4.90142e+06,4.07011e+06,2.49222e-10,30000
+5.2e+11ns,1,-4.90142e+06,4.07011e+06,2.49222e-10,30000
+5.21e+11ns,0,5.73372e+06,4.45374e+06,2.14681e+06,7255.91
+5.21e+11ns,1,-4.92053e+06,4.04699e+06,2.47806e-10,30000
+5.21e+11ns,1,-4.92053e+06,4.04699e+06,2.47806e-10,30000
+5.22e+11ns,0,5.7286e+06,4.46113e+06,2.14516e+06,7255.91
+5.22e+11ns,1,-4.93954e+06,4.02377e+06,2.46385e-10,30000
+5.22e+11ns,1,-4.93954e+06,4.02377e+06,2.46385e-10,30000
+5.23e+11ns,0,5.72346e+06,4.46851e+06,2.14351e+06,7255.91
+5.23e+11ns,1,-4.95843e+06,4.00047e+06,2.44958e-10,30000
+5.23e+11ns,1,-4.95843e+06,4.00047e+06,2.44958e-10,30000
+5.24e+11ns,0,5.71832e+06,4.47588e+06,2.14185e+06,7255.91
+5.24e+11ns,1,-4.97721e+06,3.97707e+06,2.43526e-10,30000
+5.24e+11ns,1,-4.97721e+06,3.97707e+06,2.43526e-10,30000
+5.25e+11ns,0,5.71317e+06,4.48324e+06,2.14019e+06,7255.91
+5.25e+11ns,1,-4.99588e+06,3.95359e+06,2.42088e-10,30000
+5.25e+11ns,1,-4.99588e+06,3.95359e+06,2.42088e-10,30000
+5.26e+11ns,0,5.70801e+06,4.4906e+06,2.13853e+06,7255.91
+5.26e+11ns,1,-5.01444e+06,3.93003e+06,2.40645e-10,30000
+5.26e+11ns,1,-5.01444e+06,3.93003e+06,2.40645e-10,30000
+5.27e+11ns,0,5.70284e+06,4.49796e+06,2.13687e+06,7255.91
+5.27e+11ns,1,-5.03289e+06,3.90637e+06,2.39196e-10,30000
+5.27e+11ns,1,-5.03289e+06,3.90637e+06,2.39196e-10,30000
+5.28e+11ns,0,5.69766e+06,4.5053e+06,2.1352e+06,7255.91
+5.28e+11ns,1,-5.05123e+06,3.88263e+06,2.37742e-10,30000
+5.28e+11ns,1,-5.05123e+06,3.88263e+06,2.37742e-10,30000
+5.29e+11ns,0,5.69248e+06,4.51264e+06,2.13353e+06,7255.91
+5.29e+11ns,1,-5.06946e+06,3.8588e+06,2.36283e-10,30000
+5.29e+11ns,1,-5.06946e+06,3.8588e+06,2.36283e-10,30000
+5.3e+11ns,0,5.68728e+06,4.51998e+06,2.13186e+06,7255.91
+5.3e+11ns,1,-5.08757e+06,3.83489e+06,2.34819e-10,30000
+5.3e+11ns,1,-5.08757e+06,3.83489e+06,2.34819e-10,30000
+5.31e+11ns,0,5.68208e+06,4.5273e+06,2.13018e+06,7255.91
+5.31e+11ns,1,-5.10558e+06,3.81089e+06,2.33349e-10,30000
+5.31e+11ns,1,-5.10558e+06,3.81089e+06,2.33349e-10,30000
+5.32e+11ns,0,5.67687e+06,4.53462e+06,2.1285e+06,7255.91
+5.32e+11ns,1,-5.12346e+06,3.7868e+06,2.31875e-10,30000
+5.32e+11ns,1,-5.12346e+06,3.7868e+06,2.31875e-10,30000
+5.33e+11ns,0,5.67165e+06,4.54194e+06,2.12682e+06,7255.91
+5.33e+11ns,1,-5.14124e+06,3.76264e+06,2.30395e-10,30000
+5.33e+11ns,1,-5.14124e+06,3.76264e+06,2.30395e-10,30000
+5.34e+11ns,0,5.66642e+06,4.54924e+06,2.12514e+06,7255.91
+5.34e+11ns,1,-5.1589e+06,3.73838e+06,2.2891e-10,30000
+5.34e+11ns,1,-5.1589e+06,3.73838e+06,2.2891e-10,30000
+5.35e+11ns,0,5.66119e+06,4.55654e+06,2.12345e+06,7255.91
+5.35e+11ns,1,-5.17644e+06,3.71405e+06,2.2742e-10,30000
+5.35e+11ns,1,-5.17644e+06,3.71405e+06,2.2742e-10,30000
+5.36e+11ns,0,5.65594e+06,4.56384e+06,2.12176e+06,7255.91
+5.36e+11ns,1,-5.19388e+06,3.68963e+06,2.25925e-10,30000
+5.36e+11ns,1,-5.19388e+06,3.68963e+06,2.25925e-10,30000
+5.37e+11ns,0,5.65069e+06,4.57112e+06,2.12007e+06,7255.91
+5.37e+11ns,1,-5.21119e+06,3.66514e+06,2.24425e-10,30000
+5.37e+11ns,1,-5.21119e+06,3.66514e+06,2.24425e-10,30000
+5.38e+11ns,0,5.64543e+06,4.5784e+06,2.11838e+06,7255.91
+5.38e+11ns,1,-5.22839e+06,3.64056e+06,2.2292e-10,30000
+5.38e+11ns,1,-5.22839e+06,3.64056e+06,2.2292e-10,30000
+5.39e+11ns,0,5.64016e+06,4.58568e+06,2.11668e+06,7255.91
+5.39e+11ns,1,-5.24548e+06,3.6159e+06,2.2141e-10,30000
+5.39e+11ns,1,-5.24548e+06,3.6159e+06,2.2141e-10,30000
+5.4e+11ns,0,5.63488e+06,4.59294e+06,2.11498e+06,7255.91
+5.4e+11ns,1,-5.26245e+06,3.59116e+06,2.19895e-10,30000
+5.4e+11ns,1,-5.26245e+06,3.59116e+06,2.19895e-10,30000
+5.41e+11ns,0,5.6296e+06,4.60021e+06,2.11328e+06,7255.91
+5.41e+11ns,1,-5.2793e+06,3.56634e+06,2.18375e-10,30000
+5.41e+11ns,1,-5.2793e+06,3.56634e+06,2.18375e-10,30000
+5.42e+11ns,0,5.6243e+06,4.60746e+06,2.11157e+06,7255.91
+5.42e+11ns,1,-5.29603e+06,3.54144e+06,2.16851e-10,30000
+5.42e+11ns,1,-5.29603e+06,3.54144e+06,2.16851e-10,30000
+5.43e+11ns,0,5.619e+06,4.61471e+06,2.10986e+06,7255.91
+5.43e+11ns,1,-5.31265e+06,3.51646e+06,2.15321e-10,30000
+5.43e+11ns,1,-5.31265e+06,3.51646e+06,2.15321e-10,30000
+5.44e+11ns,0,5.61369e+06,4.62195e+06,2.10815e+06,7255.91
+5.44e+11ns,1,-5.32915e+06,3.49141e+06,2.13787e-10,30000
+5.44e+11ns,1,-5.32915e+06,3.49141e+06,2.13787e-10,30000
+5.45e+11ns,0,5.60837e+06,4.62918e+06,2.10644e+06,7255.91
+5.45e+11ns,1,-5.34553e+06,3.46627e+06,2.12248e-10,30000
+5.45e+11ns,1,-5.34553e+06,3.46627e+06,2.12248e-10,30000
+5.46e+11ns,0,5.60304e+06,4.6364e+06,2.10472e+06,7255.91
+5.46e+11ns,1,-5.36179e+06,3.44106e+06,2.10704e-10,30000
+5.46e+11ns,1,-5.36179e+06,3.44106e+06,2.10704e-10,30000
+5.47e+11ns,0,5.59771e+06,4.64362e+06,2.103e+06,7255.91
+5.47e+11ns,1,-5.37794e+06,3.41578e+06,2.09156e-10,30000
+5.47e+11ns,1,-5.37794e+06,3.41578e+06,2.09156e-10,30000
+5.48e+11ns,0,5.59236e+06,4.65084e+06,2.10128e+06,7255.91
+5.48e+11ns,1,-5.39396e+06,3.39042e+06,2.07603e-10,30000
+5.48e+11ns,1,-5.39396e+06,3.39042e+06,2.07603e-10,30000
+5.49e+11ns,0,5.58701e+06,4.65804e+06,2.09955e+06,7255.91
+5.49e+11ns,1,-5.40987e+06,3.36498e+06,2.06046e-10,30000
+5.49e+11ns,1,-5.40987e+06,3.36498e+06,2.06046e-10,30000
+5.5e+11ns,0,5.58165e+06,4.66524e+06,2.09783e+06,7255.91
+5.5e+11ns,1,-5.42565e+06,3.33947e+06,2.04484e-10,30000
+5.5e+11ns,1,-5.42565e+06,3.33947e+06,2.04484e-10,30000
+5.51e+11ns,0,5.57628e+06,4.67244e+06,2.0961e+06,7255.91
+5.51e+11ns,1,-5.44132e+06,3.31388e+06,2.02917e-10,30000
+5.51e+11ns,1,-5.44132e+06,3.31388e+06,2.02917e-10,30000
+5.52e+11ns,0,5.5709e+06,4.67962e+06,2.09436e+06,7255.91
+5.52e+11ns,1,-5.45686e+06,3.28822e+06,2.01346e-10,30000
+5.52e+11ns,1,-5.45686e+06,3.28822e+06,2.01346e-10,30000
+5.53e+11ns,0,5.56552e+06,4.6868e+06,2.09263e+06,7255.91
+5.53e+11ns,1,-5.47228e+06,3.26249e+06,1.9977e-10,30000
+5.53e+11ns,1,-5.47228e+06,3.26249e+06,1.9977e-10,30000
+5.54e+11ns,0,5.56012e+06,4.69397e+06,2.09089e+06,7255.91
+5.54e+11ns,1,-5.48759e+06,3.23669e+06,1.9819e-10,30000
+5.54e+11ns,1,-5.48759e+06,3.23669e+06,1.9819e-10,30000
+5.55e+11ns,0,5.55472e+06,4.70114e+06,2.08915e+06,7255.91
+5.55e+11ns,1,-5.50277e+06,3.21081e+06,1.96606e-10,30000
+5.55e+11ns,1,-5.50277e+06,3.21081e+06,1.96606e-10,30000
+5.56e+11ns,0,5.54931e+06,4.7083e+06,2.0874e+06,7255.91
+5.56e+11ns,1,-5.51782e+06,3.18487e+06,1.95017e-10,30000
+5.56e+11ns,1,-5.51782e+06,3.18487e+06,1.95017e-10,30000
+5.57e+11ns,0,5.54389e+06,4.71545e+06,2.08566e+06,7255.91
+5.57e+11ns,1,-5.53276e+06,3.15885e+06,1.93424e-10,30000
+5.57e+11ns,1,-5.53276e+06,3.15885e+06,1.93424e-10,30000
+5.58e+11ns,0,5.53847e+06,4.72259e+06,2.08391e+06,7255.91
+5.58e+11ns,1,-5.54757e+06,3.13276e+06,1.91826e-10,30000
+5.58e+11ns,1,-5.54757e+06,3.13276e+06,1.91826e-10,30000
+5.59e+11ns,0,5.53303e+06,4.72973e+06,2.08216e+06,7255.91
+5.59e+11ns,1,-5.56226e+06,3.1066e+06,1.90225e-10,30000
+5.59e+11ns,1,-5.56226e+06,3.1066e+06,1.90225e-10,30000
+5.6e+11ns,0,5.52759e+06,4.73686e+06,2.0804e+06,7255.91
+5.6e+11ns,1,-5.57683e+06,3.08038e+06,1.88619e-10,30000
+5.6e+11ns,1,-5.57683e+06,3.08038e+06,1.88619e-10,30000
+5.61e+11ns,0,5.52214e+06,4.74398e+06,2.07865e+06,7255.91
+5.61e+11ns,1,-5.59127e+06,3.05408e+06,1.87009e-10,30000
+5.61e+11ns,1,-5.59127e+06,3.05408e+06,1.87009e-10,30000
+5.62e+11ns,0,5.51668e+06,4.7511e+06,2.07689e+06,7255.91
+5.62e+11ns,1,-5.60559e+06,3.02772e+06,1.85394e-10,30000
+5.62e+11ns,1,-5.60559e+06,3.02772e+06,1.85394e-10,30000
+5.63e+11ns,0,5.51121e+06,4.75821e+06,2.07512e+06,7255.91
+5.63e+11ns,1,-5.61979e+06,3.00129e+06,1.83776e-10,30000
+5.63e+11ns,1,-5.61979e+06,3.00129e+06,1.83776e-10,30000
+5.64e+11ns,0,5.50574e+06,4.76531e+06,2.07336e+06,7255.91
+5.64e+11ns,1,-5.63386e+06,2.9748e+06,1.82154e-10,30000
+5.64e+11ns,1,-5.63386e+06,2.9748e+06,1.82154e-10,30000
+5.65e+11ns,0,5.50025e+06,4.77241e+06,2.07159e+06,7255.91
+5.65e+11ns,1,-5.6478e+06,2.94823e+06,1.80527e-10,30000
+5.65e+11ns,1,-5.6478e+06,2.94823e+06,1.80527e-10,30000
+5.66e+11ns,0,5.49476e+06,4.7795e+06,2.06982e+06,7255.91
+5.66e+11ns,1,-5.66162e+06,2.92161e+06,1.78897e-10,30000
+5.66e+11ns,1,-5.66162e+06,2.92161e+06,1.78897e-10,30000
+5.67e+11ns,0,5.48926e+06,4.78658e+06,2.06805e+06,7255.91
+5.67e+11ns,1,-5.67532e+06,2.89491e+06,1.77262e-10,30000
+5.67e+11ns,1,-5.67532e+06,2.89491e+06,1.77262e-10,30000
+5.68e+11ns,0,5.48375e+06,4.79366e+06,2.06627e+06,7255.91
+5.68e+11ns,1,-5.68889e+06,2.86816e+06,1.75624e-10,30000
+5.68e+11ns,1,-5.68889e+06,2.86816e+06,1.75624e-10,30000
+5.69e+11ns,0,5.47824e+06,4.80073e+06,2.06449e+06,7255.91
+5.69e+11ns,1,-5.70233e+06,2.84134e+06,1.73982e-10,30000
+5.69e+11ns,1,-5.70233e+06,2.84134e+06,1.73982e-10,30000
+5.7e+11ns,0,5.47271e+06,4.80779e+06,2.06271e+06,7255.91
+5.7e+11ns,1,-5.71564e+06,2.81446e+06,1.72336e-10,30000
+5.7e+11ns,1,-5.71564e+06,2.81446e+06,1.72336e-10,30000
+5.71e+11ns,0,5.46718e+06,4.81484e+06,2.06092e+06,7255.91
+5.71e+11ns,1,-5.72883e+06,2.78751e+06,1.70686e-10,30000
+5.71e+11ns,1,-5.72883e+06,2.78751e+06,1.70686e-10,30000
+5.72e+11ns,0,5.46164e+06,4.82189e+06,2.05914e+06,7255.91
+5.72e+11ns,1,-5.7419e+06,2.7605e+06,1.69032e-10,30000
+5.72e+11ns,1,-5.7419e+06,2.7605e+06,1.69032e-10,30000
+5.73e+11ns,0,5.45609e+06,4.82893e+06,2.05735e+06,7255.91
+5.73e+11ns,1,-5.75483e+06,2.73344e+06,1.67375e-10,30000
+5.73e+11ns,1,-5.75483e+06,2.73344e+06,1.67375e-10,30000
+5.74e+11ns,0,5.45054e+06,4.83596e+06,2.05556e+06,7255.91
+5.74e+11ns,1,-5.76764e+06,2.70631e+06,1.65714e-10,30000
+5.74e+11ns,1,-5.76764e+06,2.70631e+06,1.65714e-10,30000
+5.75e+11ns,0,5.44497e+06,4.84299e+06,2.05376e+06,7255.91
+5.75e+11ns,1,-5.78032e+06,2.67912e+06,1.64049e-10,30000
+5.75e+11ns,1,-5.78032e+06,2.67912e+06,1.64049e-10,30000
+5.76e+11ns,0,5.4394e+06,4.85001e+06,2.05196e+06,7255.91
+5.76e+11ns,1,-5.79287e+06,2.65187e+06,1.6238e-10,30000
+5.76e+11ns,1,-5.79287e+06,2.65187e+06,1.6238e-10,30000
+5.77e+11ns,0,5.43382e+06,4.85702e+06,2.05016e+06,7255.91
+5.77e+11ns,1,-5.80529e+06,2.62456e+06,1.60708e-10,30000
+5.77e+11ns,1,-5.80529e+06,2.62456e+06,1.60708e-10,30000
+5.78e+11ns,0,5.42823e+06,4.86402e+06,2.04836e+06,7255.91
+5.78e+11ns,1,-5.81759e+06,2.5972e+06,1.59033e-10,30000
+5.78e+11ns,1,-5.81759e+06,2.5972e+06,1.59033e-10,30000
+5.79e+11ns,0,5.42263e+06,4.87102e+06,2.04656e+06,7255.91
+5.79e+11ns,1,-5.82975e+06,2.56978e+06,1.57353e-10,30000
+5.79e+11ns,1,-5.82975e+06,2.56978e+06,1.57353e-10,30000
+5.8e+11ns,0,5.41703e+06,4.87801e+06,2.04475e+06,7255.91
+5.8e+11ns,1,-5.84179e+06,2.5423e+06,1.55671e-10,30000
+5.8e+11ns,1,-5.84179e+06,2.5423e+06,1.55671e-10,30000
+5.81e+11ns,0,5.41141e+06,4.885e+06,2.04294e+06,7255.91
+5.81e+11ns,1,-5.85369e+06,2.51476e+06,1.53985e-10,30000
+5.81e+11ns,1,-5.85369e+06,2.51476e+06,1.53985e-10,30000
+5.82e+11ns,0,5.40579e+06,4.89197e+06,2.04112e+06,7255.91
+5.82e+11ns,1,-5.86547e+06,2.48717e+06,1.52295e-10,30000
+5.82e+11ns,1,-5.86547e+06,2.48717e+06,1.52295e-10,30000
+5.83e+11ns,0,5.40016e+06,4.89894e+06,2.03931e+06,7255.91
+5.83e+11ns,1,-5.87712e+06,2.45952e+06,1.50602e-10,30000
+5.83e+11ns,1,-5.87712e+06,2.45952e+06,1.50602e-10,30000
+5.84e+11ns,0,5.39453e+06,4.9059e+06,2.03749e+06,7255.91
+5.84e+11ns,1,-5.88863e+06,2.43182e+06,1.48906e-10,30000
+5.84e+11ns,1,-5.88863e+06,2.43182e+06,1.48906e-10,30000
+5.85e+11ns,0,5.38888e+06,4.91286e+06,2.03567e+06,7255.91
+5.85e+11ns,1,-5.90002e+06,2.40406e+06,1.47206e-10,30000
+5.85e+11ns,1,-5.90002e+06,2.40406e+06,1.47206e-10,30000
+5.86e+11ns,0,5.38323e+06,4.91981e+06,2.03384e+06,7255.91
+5.86e+11ns,1,-5.91127e+06,2.37626e+06,1.45504e-10,30000
+5.86e+11ns,1,-5.91127e+06,2.37626e+06,1.45504e-10,30000
+5.87e+11ns,0,5.37757e+06,4.92675e+06,2.03202e+06,7255.91
+5.87e+11ns,1,-5.9224e+06,2.34839e+06,1.43798e-10,30000
+5.87e+11ns,1,-5.9224e+06,2.34839e+06,1.43798e-10,30000
+5.88e+11ns,0,5.3719e+06,4.93368e+06,2.03019e+06,7255.91
+5.88e+11ns,1,-5.93339e+06,2.32048e+06,1.42088e-10,30000
+5.88e+11ns,1,-5.93339e+06,2.32048e+06,1.42088e-10,30000
+5.89e+11ns,0,5.36622e+06,4.94061e+06,2.02836e+06,7255.91
+5.89e+11ns,1,-5.94425e+06,2.29252e+06,1.40376e-10,30000
+5.89e+11ns,1,-5.94425e+06,2.29252e+06,1.40376e-10,30000
+5.9e+11ns,0,5.36054e+06,4.94752e+06,2.02652e+06,7255.91
+5.9e+11ns,1,-5.95498e+06,2.2645e+06,1.38661e-10,30000
+5.9e+11ns,1,-5.95498e+06,2.2645e+06,1.38661e-10,30000
+5.91e+11ns,0,5.35485e+06,4.95444e+06,2.02468e+06,7255.91
+5.91e+11ns,1,-5.96558e+06,2.23643e+06,1.36942e-10,30000
+5.91e+11ns,1,-5.96558e+06,2.23643e+06,1.36942e-10,30000
+5.92e+11ns,0,5.34915e+06,4.96134e+06,2.02284e+06,7255.91
+5.92e+11ns,1,-5.97604e+06,2.20832e+06,1.3522e-10,30000
+5.92e+11ns,1,-5.97604e+06,2.20832e+06,1.3522e-10,30000
+5.93e+11ns,0,5.34344e+06,4.96824e+06,2.021e+06,7255.91
+5.93e+11ns,1,-5.98638e+06,2.18015e+06,1.33496e-10,30000
+5.93e+11ns,1,-5.98638e+06,2.18015e+06,1.33496e-10,30000
+5.94e+11ns,0,5.33772e+06,4.97513e+06,2.01916e+06,7255.91
+5.94e+11ns,1,-5.99657e+06,2.15194e+06,1.31768e-10,30000
+5.94e+11ns,1,-5.99657e+06,2.15194e+06,1.31768e-10,30000
+5.95e+11ns,0,5.332e+06,4.98201e+06,2.01731e+06,7255.91
+5.95e+11ns,1,-6.00664e+06,2.12368e+06,1.30038e-10,30000
+5.95e+11ns,1,-6.00664e+06,2.12368e+06,1.30038e-10,30000
+5.96e+11ns,0,5.32627e+06,4.98889e+06,2.01546e+06,7255.91
+5.96e+11ns,1,-6.01657e+06,2.09537e+06,1.28305e-10,30000
+5.96e+11ns,1,-6.01657e+06,2.09537e+06,1.28305e-10,30000
+5.97e+11ns,0,5.32053e+06,4.99576e+06,2.01361e+06,7255.91
+5.97e+11ns,1,-6.02637e+06,2.06702e+06,1.26568e-10,30000
+5.97e+11ns,1,-6.02637e+06,2.06702e+06,1.26568e-10,30000
+5.98e+11ns,0,5.31478e+06,5.00262e+06,2.01175e+06,7255.91
+5.98e+11ns,1,-6.03604e+06,2.03862e+06,1.24829e-10,30000
+5.98e+11ns,1,-6.03604e+06,2.03862e+06,1.24829e-10,30000
+5.99e+11ns,0,5.30902e+06,5.00947e+06,2.00989e+06,7255.91
+5.99e+11ns,1,-6.04557e+06,2.01017e+06,1.23088e-10,30000
+5.99e+11ns,1,-6.04557e+06,2.01017e+06,1.23088e-10,30000
+6e+11ns,0,5.30326e+06,5.01632e+06,2.00803e+06,7255.91
+6e+11ns,1,-6.05497e+06,1.98168e+06,1.21343e-10,30000
+6e+11ns,1,-6.05497e+06,1.98168e+06,1.21343e-10,30000
+6.01e+11ns,0,5.29749e+06,5.02316e+06,2.00617e+06,7255.91
+6.01e+11ns,1,-6.06424e+06,1.95315e+06,1.19596e-10,30000
+6.01e+11ns,1,-6.06424e+06,1.95315e+06,1.19596e-10,30000
+6.02e+11ns,0,5.29171e+06,5.02999e+06,2.0043e+06,7255.91
+6.02e+11ns,1,-6.07337e+06,1.92457e+06,1.17846e-10,30000
+6.02e+11ns,1,-6.07337e+06,1.92457e+06,1.17846e-10,30000
+6.03e+11ns,0,5.28592e+06,5.03681e+06,2.00243e+06,7255.91
+6.03e+11ns,1,-6.08236e+06,1.89595e+06,1.16094e-10,30000
+6.03e+11ns,1,-6.08236e+06,1.89595e+06,1.16094e-10,30000
+6.04e+11ns,0,5.28013e+06,5.04363e+06,2.00056e+06,7255.91
+6.04e+11ns,1,-6.09122e+06,1.86729e+06,1.14339e-10,30000
+6.04e+11ns,1,-6.09122e+06,1.86729e+06,1.14339e-10,30000
+6.05e+11ns,0,5.27432e+06,5.05044e+06,1.99869e+06,7255.91
+6.05e+11ns,1,-6.09995e+06,1.83859e+06,1.12581e-10,30000
+6.05e+11ns,1,-6.09995e+06,1.83859e+06,1.12581e-10,30000
+6.06e+11ns,0,5.26851e+06,5.05724e+06,1.99681e+06,7255.91
+6.06e+11ns,1,-6.10854e+06,1.80984e+06,1.10821e-10,30000
+6.06e+11ns,1,-6.10854e+06,1.80984e+06,1.10821e-10,30000
+6.07e+11ns,0,5.2627e+06,5.06404e+06,1.99493e+06,7255.91
+6.07e+11ns,1,-6.11699e+06,1.78106e+06,1.09058e-10,30000
+6.07e+11ns,1,-6.11699e+06,1.78106e+06,1.09058e-10,30000
+6.08e+11ns,0,5.25687e+06,5.07082e+06,1.99305e+06,7255.91
+6.08e+11ns,1,-6.12531e+06,1.75224e+06,1.07294e-10,30000
+6.08e+11ns,1,-6.12531e+06,1.75224e+06,1.07294e-10,30000
+6.09e+11ns,0,5.25104e+06,5.0776e+06,1.99117e+06,7255.91
+6.09e+11ns,1,-6.13349e+06,1.72337e+06,1.05526e-10,30000
+6.09e+11ns,1,-6.13349e+06,1.72337e+06,1.05526e-10,30000
+6.1e+11ns,0,5.24519e+06,5.08438e+06,1.98928e+06,7255.91
+6.1e+11ns,1,-6.14154e+06,1.69447e+06,1.03757e-10,30000
+6.1e+11ns,1,-6.14154e+06,1.69447e+06,1.03757e-10,30000
+6.11e+11ns,0,5.23934e+06,5.09114e+06,1.98739e+06,7255.91
+6.11e+11ns,1,-6.14945e+06,1.66554e+06,1.01985e-10,30000
+6.11e+11ns,1,-6.14945e+06,1.66554e+06,1.01985e-10,30000
+6.12e+11ns,0,5.23349e+06,5.0979e+06,1.9855e+06,7255.91
+6.12e+11ns,1,-6.15723e+06,1.63656e+06,1.0021e-10,30000
+6.12e+11ns,1,-6.15723e+06,1.63656e+06,1.0021e-10,30000
+6.13e+11ns,0,5.22762e+06,5.10465e+06,1.98361e+06,7255.91
+6.13e+11ns,1,-6.16486e+06,1.60755e+06,9.8434e-11,30000
+6.13e+11ns,1,-6.16486e+06,1.60755e+06,9.8434e-11,30000
+6.14e+11ns,0,5.22175e+06,5.11139e+06,1.98171e+06,7255.91
+6.14e+11ns,1,-6.17236e+06,1.5785e+06,9.66554e-11,30000
+6.14e+11ns,1,-6.17236e+06,1.5785e+06,9.66554e-11,30000
+6.15e+11ns,0,5.21587e+06,5.11813e+06,1.97981e+06,7255.91
+6.15e+11ns,1,-6.17973e+06,1.54942e+06,9.48746e-11,30000
+6.15e+11ns,1,-6.17973e+06,1.54942e+06,9.48746e-11,30000
+6.16e+11ns,0,5.20998e+06,5.12486e+06,1.97791e+06,7255.91
+6.16e+11ns,1,-6.18696e+06,1.5203e+06,9.30918e-11,30000
+6.16e+11ns,1,-6.18696e+06,1.5203e+06,9.30918e-11,30000
+6.17e+11ns,0,5.20409e+06,5.13158e+06,1.976e+06,7255.91
+6.17e+11ns,1,-6.19405e+06,1.49115e+06,9.13068e-11,30000
+6.17e+11ns,1,-6.19405e+06,1.49115e+06,9.13068e-11,30000
+6.18e+11ns,0,5.19818e+06,5.13829e+06,1.9741e+06,7255.91
+6.18e+11ns,1,-6.201e+06,1.46197e+06,8.95199e-11,30000
+6.18e+11ns,1,-6.201e+06,1.46197e+06,8.95199e-11,30000
+6.19e+11ns,0,5.19227e+06,5.145e+06,1.97219e+06,7255.91
+6.19e+11ns,1,-6.20782e+06,1.43275e+06,8.77309e-11,30000
+6.19e+11ns,1,-6.20782e+06,1.43275e+06,8.77309e-11,30000
+6.2e+11ns,0,5.18635e+06,5.15169e+06,1.97027e+06,7255.91
+6.2e+11ns,1,-6.21449e+06,1.40351e+06,8.59401e-11,30000
+6.2e+11ns,1,-6.21449e+06,1.40351e+06,8.59401e-11,30000
+6.21e+11ns,0,5.18043e+06,5.15838e+06,1.96836e+06,7255.91
+6.21e+11ns,1,-6.22103e+06,1.37423e+06,8.41473e-11,30000
+6.21e+11ns,1,-6.22103e+06,1.37423e+06,8.41473e-11,30000
+6.22e+11ns,0,5.17449e+06,5.16507e+06,1.96644e+06,7255.91
+6.22e+11ns,1,-6.22743e+06,1.34492e+06,8.23526e-11,30000
+6.22e+11ns,1,-6.22743e+06,1.34492e+06,8.23526e-11,30000
+6.23e+11ns,0,5.16855e+06,5.17174e+06,1.96452e+06,7255.91
+6.23e+11ns,1,-6.2337e+06,1.31558e+06,8.05561e-11,30000
+6.23e+11ns,1,-6.2337e+06,1.31558e+06,8.05561e-11,30000
+6.24e+11ns,0,5.1626e+06,5.17841e+06,1.9626e+06,7255.91
+6.24e+11ns,1,-6.23982e+06,1.28621e+06,7.87579e-11,30000
+6.24e+11ns,1,-6.23982e+06,1.28621e+06,7.87579e-11,30000
+6.25e+11ns,0,5.15664e+06,5.18507e+06,1.96067e+06,7255.91
+6.25e+11ns,1,-6.24581e+06,1.25682e+06,7.69579e-11,30000
+6.25e+11ns,1,-6.24581e+06,1.25682e+06,7.69579e-11,30000
+6.26e+11ns,0,5.15068e+06,5.19172e+06,1.95875e+06,7255.91
+6.26e+11ns,1,-6.25166e+06,1.22739e+06,7.51561e-11,30000
+6.26e+11ns,1,-6.25166e+06,1.22739e+06,7.51561e-11,30000
+6.27e+11ns,0,5.14471e+06,5.19837e+06,1.95682e+06,7255.91
+6.27e+11ns,1,-6.25737e+06,1.19794e+06,7.33528e-11,30000
+6.27e+11ns,1,-6.25737e+06,1.19794e+06,7.33528e-11,30000
+6.28e+11ns,0,5.13873e+06,5.20501e+06,1.95488e+06,7255.91
+6.28e+11ns,1,-6.26294e+06,1.16846e+06,7.15477e-11,30000
+6.28e+11ns,1,-6.26294e+06,1.16846e+06,7.15477e-11,30000
+6.29e+11ns,0,5.13274e+06,5.21164e+06,1.95295e+06,7255.91
+6.29e+11ns,1,-6.26838e+06,1.13896e+06,6.97411e-11,30000
+6.29e+11ns,1,-6.26838e+06,1.13896e+06,6.97411e-11,30000
+6.3e+11ns,0,5.12674e+06,5.21826e+06,1.95101e+06,7255.91
+6.3e+11ns,1,-6.27367e+06,1.10943e+06,6.7933e-11,30000
+6.3e+11ns,1,-6.27367e+06,1.10943e+06,6.7933e-11,30000
+6.31e+11ns,0,5.12074e+06,5.22487e+06,1.94907e+06,7255.91
+6.31e+11ns,1,-6.27882e+06,1.07988e+06,6.61234e-11,30000
+6.31e+11ns,1,-6.27882e+06,1.07988e+06,6.61234e-11,30000
+6.32e+11ns,0,5.11473e+06,5.23148e+06,1.94713e+06,7255.91
+6.32e+11ns,1,-6.28384e+06,1.0503e+06,6.43122e-11,30000
+6.32e+11ns,1,-6.28384e+06,1.0503e+06,6.43122e-11,30000
+6.33e+11ns,0,5.10871e+06,5.23808e+06,1.94518e+06,7255.91
+6.33e+11ns,1,-6.28871e+06,1.0207e+06,6.24997e-11,30000
+6.33e+11ns,1,-6.28871e+06,1.0207e+06,6.24997e-11,30000
+6.34e+11ns,0,5.10269e+06,5.24467e+06,1.94323e+06,7255.91
+6.34e+11ns,1,-6.29345e+06,991074,6.06858e-11,30000
+6.34e+11ns,1,-6.29345e+06,991074,6.06858e-11,30000
+6.35e+11ns,0,5.09665e+06,5.25126e+06,1.94128e+06,7255.91
+6.35e+11ns,1,-6.29805e+06,961428,5.88705e-11,30000
+6.35e+11ns,1,-6.29805e+06,961428,5.88705e-11,30000
+6.36e+11ns,0,5.09061e+06,5.25783e+06,1.93933e+06,7255.91
+6.36e+11ns,1,-6.30251e+06,931761,5.70539e-11,30000
+6.36e+11ns,1,-6.30251e+06,931761,5.70539e-11,30000
+6.37e+11ns,0,5.08457e+06,5.2644e+06,1.93737e+06,7255.91
+6.37e+11ns,1,-6.30682e+06,902073,5.52361e-11,30000
+6.37e+11ns,1,-6.30682e+06,902073,5.52361e-11,30000
+6.38e+11ns,0,5.07851e+06,5.27096e+06,1.93542e+06,7255.91
+6.38e+11ns,1,-6.311e+06,872366,5.3417e-11,30000
+6.38e+11ns,1,-6.311e+06,872366,5.3417e-11,30000
+6.39e+11ns,0,5.07245e+06,5.27752e+06,1.93346e+06,7255.91
+6.39e+11ns,1,-6.31504e+06,842639,5.15967e-11,30000
+6.39e+11ns,1,-6.31504e+06,842639,5.15967e-11,30000
+6.4e+11ns,0,5.06638e+06,5.28406e+06,1.93149e+06,7255.91
+6.4e+11ns,1,-6.31894e+06,812893,4.97753e-11,30000
+6.4e+11ns,1,-6.31894e+06,812893,4.97753e-11,30000
+6.41e+11ns,0,5.0603e+06,5.2906e+06,1.92953e+06,7255.91
+6.41e+11ns,1,-6.32269e+06,783129,4.79528e-11,30000
+6.41e+11ns,1,-6.32269e+06,783129,4.79528e-11,30000
+6.42e+11ns,0,5.05421e+06,5.29713e+06,1.92756e+06,7255.91
+6.42e+11ns,1,-6.32631e+06,753348,4.61293e-11,30000
+6.42e+11ns,1,-6.32631e+06,753348,4.61293e-11,30000
+6.43e+11ns,0,5.04812e+06,5.30366e+06,1.92559e+06,7255.91
+6.43e+11ns,1,-6.32979e+06,723551,4.43047e-11,30000
+6.43e+11ns,1,-6.32979e+06,723551,4.43047e-11,30000
+6.44e+11ns,0,5.04202e+06,5.31017e+06,1.92362e+06,7255.91
+6.44e+11ns,1,-6.33313e+06,693737,4.24791e-11,30000
+6.44e+11ns,1,-6.33313e+06,693737,4.24791e-11,30000
+6.45e+11ns,0,5.03591e+06,5.31668e+06,1.92164e+06,7255.91
+6.45e+11ns,1,-6.33632e+06,663908,4.06526e-11,30000
+6.45e+11ns,1,-6.33632e+06,663908,4.06526e-11,30000
+6.46e+11ns,0,5.0298e+06,5.32318e+06,1.91966e+06,7255.91
+6.46e+11ns,1,-6.33938e+06,634064,3.88252e-11,30000
+6.46e+11ns,1,-6.33938e+06,634064,3.88252e-11,30000
+6.47e+11ns,0,5.02367e+06,5.32967e+06,1.91768e+06,7255.91
+6.47e+11ns,1,-6.34229e+06,604206,3.69969e-11,30000
+6.47e+11ns,1,-6.34229e+06,604206,3.69969e-11,30000
+6.48e+11ns,0,5.01754e+06,5.33615e+06,1.9157e+06,7255.91
+6.48e+11ns,1,-6.34507e+06,574334,3.51678e-11,30000
+6.48e+11ns,1,-6.34507e+06,574334,3.51678e-11,30000
+6.49e+11ns,0,5.01141e+06,5.34263e+06,1.91371e+06,7255.91
+6.49e+11ns,1,-6.3477e+06,544450,3.3338e-11,30000
+6.49e+11ns,1,-6.3477e+06,544450,3.3338e-11,30000
+6.5e+11ns,0,5.00526e+06,5.3491e+06,1.91173e+06,7255.91
+6.5e+11ns,1,-6.3502e+06,514554,3.15073e-11,30000
+6.5e+11ns,1,-6.3502e+06,514554,3.15073e-11,30000
+6.51e+11ns,0,4.99911e+06,5.35556e+06,1.90974e+06,7255.91
+6.51e+11ns,1,-6.35255e+06,484646,2.9676e-11,30000
+6.51e+11ns,1,-6.35255e+06,484646,2.9676e-11,30000
+6.52e+11ns,0,4.99295e+06,5.36201e+06,1.90774e+06,7255.91
+6.52e+11ns,1,-6.35476e+06,454728,2.78441e-11,30000
+6.52e+11ns,1,-6.35476e+06,454728,2.78441e-11,30000
+6.53e+11ns,0,4.98678e+06,5.36846e+06,1.90575e+06,7255.91
+6.53e+11ns,1,-6.35683e+06,424800,2.60115e-11,30000
+6.53e+11ns,1,-6.35683e+06,424800,2.60115e-11,30000
+6.54e+11ns,0,4.98061e+06,5.37489e+06,1.90375e+06,7255.91
+6.54e+11ns,1,-6.35876e+06,394862,2.41783e-11,30000
+6.54e+11ns,1,-6.35876e+06,394862,2.41783e-11,30000
+6.55e+11ns,0,4.97442e+06,5.38132e+06,1.90175e+06,7255.91
+6.55e+11ns,1,-6.36055e+06,364915,2.23446e-11,30000
+6.55e+11ns,1,-6.36055e+06,364915,2.23446e-11,30000
+6.56e+11ns,0,4.96823e+06,5.38774e+06,1.89975e+06,7255.91
+6.56e+11ns,1,-6.3622e+06,334961,2.05104e-11,30000
+6.56e+11ns,1,-6.3622e+06,334961,2.05104e-11,30000
+6.57e+11ns,0,4.96204e+06,5.39416e+06,1.89774e+06,7255.91
+6.57e+11ns,1,-6.3637e+06,304998,1.86758e-11,30000
+6.57e+11ns,1,-6.3637e+06,304998,1.86758e-11,30000
+6.58e+11ns,0,4.95583e+06,5.40056e+06,1.89573e+06,7255.91
+6.58e+11ns,1,-6.36507e+06,275030,1.68407e-11,30000
+6.58e+11ns,1,-6.36507e+06,275030,1.68407e-11,30000
+6.59e+11ns,0,4.94962e+06,5.40696e+06,1.89372e+06,7255.91
+6.59e+11ns,1,-6.36629e+06,245055,1.50053e-11,30000
+6.59e+11ns,1,-6.36629e+06,245055,1.50053e-11,30000
+6.6e+11ns,0,4.9434e+06,5.41335e+06,1.89171e+06,7255.91
+6.6e+11ns,1,-6.36738e+06,215074,1.31695e-11,30000
+6.6e+11ns,1,-6.36738e+06,215074,1.31695e-11,30000
+6.61e+11ns,0,4.93718e+06,5.41973e+06,1.8897e+06,7255.91
+6.61e+11ns,1,-6.36832e+06,185089,1.13334e-11,30000
+6.61e+11ns,1,-6.36832e+06,185089,1.13334e-11,30000
+6.62e+11ns,0,4.93094e+06,5.42611e+06,1.88768e+06,7255.91
+6.62e+11ns,1,-6.36912e+06,155100,9.49712e-12,30000
+6.62e+11ns,1,-6.36912e+06,155100,9.49712e-12,30000
+6.63e+11ns,0,4.9247e+06,5.43247e+06,1.88566e+06,7255.91
+6.63e+11ns,1,-6.36978e+06,125107,7.6606e-12,30000
+6.63e+11ns,1,-6.36978e+06,125107,7.6606e-12,30000
+6.64e+11ns,0,4.91845e+06,5.43883e+06,1.88364e+06,7255.91
+6.64e+11ns,1,-6.3703e+06,95111.5,5.8239e-12,30000
+6.64e+11ns,1,-6.3703e+06,95111.5,5.8239e-12,30000
+6.65e+11ns,0,4.9122e+06,5.44518e+06,1.88161e+06,7255.91
+6.65e+11ns,1,-6.37068e+06,65113.9,3.98708e-12,30000
+6.65e+11ns,1,-6.37068e+06,65113.9,3.98708e-12,30000
+6.66e+11ns,0,4.90594e+06,5.45152e+06,1.87958e+06,7255.91
+6.66e+11ns,1,-6.37091e+06,35114.9,2.15017e-12,30000
+6.66e+11ns,1,-6.37091e+06,35114.9,2.15017e-12,30000
+6.67e+11ns,0,4.89967e+06,5.45786e+06,1.87755e+06,7255.91
+6.67e+11ns,1,-6.37101e+06,5115.07,3.13208e-13,30000
+6.67e+11ns,1,-6.37101e+06,5115.07,3.13208e-13,30000
+6.68e+11ns,0,4.89339e+06,5.46419e+06,1.87552e+06,7255.91
+6.68e+11ns,1,-6.37096e+06,-24884.9,-1.52376e-12,30000
+6.68e+11ns,1,-6.37096e+06,-24884.9,-1.52376e-12,30000
+6.69e+11ns,0,4.88711e+06,5.4705e+06,1.87349e+06,7255.91
+6.69e+11ns,1,-6.37077e+06,-54884.3,-3.36069e-12,30000
+6.69e+11ns,1,-6.37077e+06,-54884.3,-3.36069e-12,30000
+6.7e+11ns,0,4.88081e+06,5.47681e+06,1.87145e+06,7255.91
+6.7e+11ns,1,-6.37044e+06,-84882.4,-5.19755e-12,30000
+6.7e+11ns,1,-6.37044e+06,-84882.4,-5.19755e-12,30000
+6.71e+11ns,0,4.87452e+06,5.48312e+06,1.86941e+06,7255.91
+6.71e+11ns,1,-6.36997e+06,-114879,-7.03429e-12,30000
+6.71e+11ns,1,-6.36997e+06,-114879,-7.03429e-12,30000
+6.72e+11ns,0,4.86821e+06,5.48941e+06,1.86737e+06,7255.91
+6.72e+11ns,1,-6.36936e+06,-144872,-8.87088e-12,30000
+6.72e+11ns,1,-6.36936e+06,-144872,-8.87088e-12,30000
+6.73e+11ns,0,4.8619e+06,5.4957e+06,1.86532e+06,7255.91
+6.73e+11ns,1,-6.36861e+06,-174863,-1.07073e-11,30000
+6.73e+11ns,1,-6.36861e+06,-174863,-1.07073e-11,30000
+6.74e+11ns,0,4.85558e+06,5.50198e+06,1.86328e+06,7255.91
+6.74e+11ns,1,-6.36771e+06,-204850,-1.25434e-11,30000
+6.74e+11ns,1,-6.36771e+06,-204850,-1.25434e-11,30000
+6.75e+11ns,0,4.84925e+06,5.50825e+06,1.86123e+06,7255.91
+6.75e+11ns,1,-6.36668e+06,-234832,-1.43793e-11,30000
+6.75e+11ns,1,-6.36668e+06,-234832,-1.43793e-11,30000
+6.76e+11ns,0,4.84291e+06,5.51451e+06,1.85918e+06,7255.91
+6.76e+11ns,1,-6.3655e+06,-264809,-1.62149e-11,30000
+6.76e+11ns,1,-6.3655e+06,-264809,-1.62149e-11,30000
+6.77e+11ns,0,4.83657e+06,5.52076e+06,1.85712e+06,7255.91
+6.77e+11ns,1,-6.36419e+06,-294780,-1.805e-11,30000
+6.77e+11ns,1,-6.36419e+06,-294780,-1.805e-11,30000
+6.78e+11ns,0,4.83022e+06,5.52701e+06,1.85507e+06,7255.91
+6.78e+11ns,1,-6.36273e+06,-324744,-1.98848e-11,30000
+6.78e+11ns,1,-6.36273e+06,-324744,-1.98848e-11,30000
+6.79e+11ns,0,4.82387e+06,5.53325e+06,1.85301e+06,7255.91
+6.79e+11ns,1,-6.36113e+06,-354701,-2.17192e-11,30000
+6.79e+11ns,1,-6.36113e+06,-354701,-2.17192e-11,30000
+6.8e+11ns,0,4.8175e+06,5.53948e+06,1.85095e+06,7255.91
+6.8e+11ns,1,-6.35939e+06,-384651,-2.35531e-11,30000
+6.8e+11ns,1,-6.35939e+06,-384651,-2.35531e-11,30000
+6.81e+11ns,0,4.81113e+06,5.5457e+06,1.84888e+06,7255.91
+6.81e+11ns,1,-6.3575e+06,-414592,-2.53864e-11,30000
+6.81e+11ns,1,-6.3575e+06,-414592,-2.53864e-11,30000
+6.82e+11ns,0,4.80476e+06,5.55192e+06,1.84682e+06,7255.91
+6.82e+11ns,1,-6.35548e+06,-444523,-2.72192e-11,30000
+6.82e+11ns,1,-6.35548e+06,-444523,-2.72192e-11,30000
+6.83e+11ns,0,4.79837e+06,5.55812e+06,1.84475e+06,7255.91
+6.83e+11ns,1,-6.35332e+06,-474445,-2.90514e-11,30000
+6.83e+11ns,1,-6.35332e+06,-474445,-2.90514e-11,30000
+6.84e+11ns,0,4.79198e+06,5.56432e+06,1.84268e+06,7255.91
+6.84e+11ns,1,-6.35101e+06,-504357,-3.08829e-11,30000
+6.84e+11ns,1,-6.35101e+06,-504357,-3.08829e-11,30000
+6.85e+11ns,0,4.78558e+06,5.57051e+06,1.84061e+06,7255.91
+6.85e+11ns,1,-6.34857e+06,-534257,-3.27138e-11,30000
+6.85e+11ns,1,-6.34857e+06,-534257,-3.27138e-11,30000
+6.86e+11ns,0,4.77917e+06,5.57669e+06,1.83853e+06,7255.91
+6.86e+11ns,1,-6.34598e+06,-564145,-3.45439e-11,30000
+6.86e+11ns,1,-6.34598e+06,-564145,-3.45439e-11,30000
+6.87e+11ns,0,4.77276e+06,5.58286e+06,1.83645e+06,7255.91
+6.87e+11ns,1,-6.34326e+06,-594021,-3.63733e-11,30000
+6.87e+11ns,1,-6.34326e+06,-594021,-3.63733e-11,30000
+6.88e+11ns,0,4.76634e+06,5.58903e+06,1.83437e+06,7255.91
+6.88e+11ns,1,-6.34039e+06,-623883,-3.82018e-11,30000
+6.88e+11ns,1,-6.34039e+06,-623883,-3.82018e-11,30000
+6.89e+11ns,0,4.75991e+06,5.59519e+06,1.83229e+06,7255.91
+6.89e+11ns,1,-6.33738e+06,-653732,-4.00296e-11,30000
+6.89e+11ns,1,-6.33738e+06,-653732,-4.00296e-11,30000
+6.9e+11ns,0,4.75348e+06,5.60134e+06,1.8302e+06,7255.91
+6.9e+11ns,1,-6.33423e+06,-683567,-4.18564e-11,30000
+6.9e+11ns,1,-6.33423e+06,-683567,-4.18564e-11,30000
+6.91e+11ns,0,4.74704e+06,5.60748e+06,1.82812e+06,7255.91
+6.91e+11ns,1,-6.33094e+06,-713386,-4.36823e-11,30000
+6.91e+11ns,1,-6.33094e+06,-713386,-4.36823e-11,30000
+6.92e+11ns,0,4.74059e+06,5.61361e+06,1.82603e+06,7255.91
+6.92e+11ns,1,-6.32751e+06,-743189,-4.55072e-11,30000
+6.92e+11ns,1,-6.32751e+06,-743189,-4.55072e-11,30000
+6.93e+11ns,0,4.73413e+06,5.61973e+06,1.82393e+06,7255.91
+6.93e+11ns,1,-6.32394e+06,-772976,-4.73311e-11,30000
+6.93e+11ns,1,-6.32394e+06,-772976,-4.73311e-11,30000
+6.94e+11ns,0,4.72767e+06,5.62585e+06,1.82184e+06,7255.91
+6.94e+11ns,1,-6.32023e+06,-802746,-4.9154e-11,30000
+6.94e+11ns,1,-6.32023e+06,-802746,-4.9154e-11,30000
+6.95e+11ns,0,4.7212e+06,5.63196e+06,1.81974e+06,7255.91
+6.95e+11ns,1,-6.31638e+06,-832497,-5.09758e-11,30000
+6.95e+11ns,1,-6.31638e+06,-832497,-5.09758e-11,30000
+6.96e+11ns,0,4.71473e+06,5.63806e+06,1.81764e+06,7255.91
+6.96e+11ns,1,-6.31239e+06,-862231,-5.27964e-11,30000
+6.96e+11ns,1,-6.31239e+06,-862231,-5.27964e-11,30000
+6.97e+11ns,0,4.70824e+06,5.64415e+06,1.81554e+06,7255.91
+6.97e+11ns,1,-6.30826e+06,-891945,-5.46159e-11,30000
+6.97e+11ns,1,-6.30826e+06,-891945,-5.46159e-11,30000
+6.98e+11ns,0,4.70175e+06,5.65023e+06,1.81344e+06,7255.91
+6.98e+11ns,1,-6.30399e+06,-921640,-5.64342e-11,30000
+6.98e+11ns,1,-6.30399e+06,-921640,-5.64342e-11,30000
+6.99e+11ns,0,4.69526e+06,5.65631e+06,1.81133e+06,7255.91
+6.99e+11ns,1,-6.29958e+06,-951314,-5.82512e-11,30000
+6.99e+11ns,1,-6.29958e+06,-951314,-5.82512e-11,30000
+7e+11ns,0,4.68875e+06,5.66237e+06,1.80922e+06,7255.91
+7e+11ns,1,-6.29503e+06,-980967,-6.00669e-11,30000
+7e+11ns,1,-6.29503e+06,-980967,-6.00669e-11,30000
+7.01e+11ns,0,4.68224e+06,5.66843e+06,1.80711e+06,7255.91
+7.01e+11ns,1,-6.29035e+06,-1.0106e+06,-6.18813e-11,30000
+7.01e+11ns,1,-6.29035e+06,-1.0106e+06,-6.18813e-11,30000
+7.02e+11ns,0,4.67572e+06,5.67448e+06,1.805e+06,7255.91
+7.02e+11ns,1,-6.28552e+06,-1.04021e+06,-6.36943e-11,30000
+7.02e+11ns,1,-6.28552e+06,-1.04021e+06,-6.36943e-11,30000
+7.03e+11ns,0,4.6692e+06,5.68053e+06,1.80288e+06,7255.91
+7.03e+11ns,1,-6.28055e+06,-1.06979e+06,-6.55059e-11,30000
+7.03e+11ns,1,-6.28055e+06,-1.06979e+06,-6.55059e-11,30000
+7.04e+11ns,0,4.66267e+06,5.68656e+06,1.80077e+06,7255.91
+7.04e+11ns,1,-6.27544e+06,-1.09935e+06,-6.73161e-11,30000
+7.04e+11ns,1,-6.27544e+06,-1.09935e+06,-6.73161e-11,30000
+7.05e+11ns,0,4.65613e+06,5.69259e+06,1.79864e+06,7255.91
+7.05e+11ns,1,-6.2702e+06,-1.12889e+06,-6.91247e-11,30000
+7.05e+11ns,1,-6.2702e+06,-1.12889e+06,-6.91247e-11,30000
+7.06e+11ns,0,4.64958e+06,5.6986e+06,1.79652e+06,7255.91
+7.06e+11ns,1,-6.26481e+06,-1.15841e+06,-7.09319e-11,30000
+7.06e+11ns,1,-6.26481e+06,-1.15841e+06,-7.09319e-11,30000
+7.07e+11ns,0,4.64303e+06,5.70461e+06,1.7944e+06,7255.91
+7.07e+11ns,1,-6.25929e+06,-1.18789e+06,-7.27374e-11,30000
+7.07e+11ns,1,-6.25929e+06,-1.18789e+06,-7.27374e-11,30000
+7.08e+11ns,0,4.63647e+06,5.71061e+06,1.79227e+06,7255.91
+7.08e+11ns,1,-6.25362e+06,-1.21735e+06,-7.45414e-11,30000
+7.08e+11ns,1,-6.25362e+06,-1.21735e+06,-7.45414e-11,30000
+7.09e+11ns,0,4.6299e+06,5.7166e+06,1.79014e+06,7255.91
+7.09e+11ns,1,-6.24782e+06,-1.24679e+06,-7.63437e-11,30000
+7.09e+11ns,1,-6.24782e+06,-1.24679e+06,-7.63437e-11,30000
+7.1e+11ns,0,4.62333e+06,5.72259e+06,1.78801e+06,7255.91
+7.1e+11ns,1,-6.24188e+06,-1.27619e+06,-7.81443e-11,30000
+7.1e+11ns,1,-6.24188e+06,-1.27619e+06,-7.81443e-11,30000
+7.11e+11ns,0,4.61675e+06,5.72856e+06,1.78587e+06,7255.91
+7.11e+11ns,1,-6.2358e+06,-1.30557e+06,-7.99431e-11,30000
+7.11e+11ns,1,-6.2358e+06,-1.30557e+06,-7.99431e-11,30000
+7.12e+11ns,0,4.61016e+06,5.73453e+06,1.78374e+06,7255.91
+7.12e+11ns,1,-6.22959e+06,-1.33492e+06,-8.17402e-11,30000
+7.12e+11ns,1,-6.22959e+06,-1.33492e+06,-8.17402e-11,30000
+7.13e+11ns,0,4.60357e+06,5.74049e+06,1.7816e+06,7255.91
+7.13e+11ns,1,-6.22323e+06,-1.36424e+06,-8.35355e-11,30000
+7.13e+11ns,1,-6.22323e+06,-1.36424e+06,-8.35355e-11,30000
+7.14e+11ns,0,4.59697e+06,5.74644e+06,1.77946e+06,7255.91
+7.14e+11ns,1,-6.21674e+06,-1.39353e+06,-8.53289e-11,30000
+7.14e+11ns,1,-6.21674e+06,-1.39353e+06,-8.53289e-11,30000
+7.15e+11ns,0,4.59036e+06,5.75238e+06,1.77731e+06,7255.91
+7.15e+11ns,1,-6.21011e+06,-1.42279e+06,-8.71205e-11,30000
+7.15e+11ns,1,-6.21011e+06,-1.42279e+06,-8.71205e-11,30000
+7.16e+11ns,0,4.58375e+06,5.75832e+06,1.77517e+06,7255.91
+7.16e+11ns,1,-6.20334e+06,-1.45201e+06,-8.89101e-11,30000
+7.16e+11ns,1,-6.20334e+06,-1.45201e+06,-8.89101e-11,30000
+7.17e+11ns,0,4.57713e+06,5.76424e+06,1.77302e+06,7255.91
+7.17e+11ns,1,-6.19643e+06,-1.48121e+06,-9.06977e-11,30000
+7.17e+11ns,1,-6.19643e+06,-1.48121e+06,-9.06977e-11,30000
+7.18e+11ns,0,4.5705e+06,5.77016e+06,1.77087e+06,7255.91
+7.18e+11ns,1,-6.18939e+06,-1.51037e+06,-9.24833e-11,30000
+7.18e+11ns,1,-6.18939e+06,-1.51037e+06,-9.24833e-11,30000
+7.19e+11ns,0,4.56387e+06,5.77607e+06,1.76872e+06,7255.91
+7.19e+11ns,1,-6.18221e+06,-1.5395e+06,-9.42669e-11,30000
+7.19e+11ns,1,-6.18221e+06,-1.5395e+06,-9.42669e-11,30000
+7.2e+11ns,0,4.55723e+06,5.78197e+06,1.76656e+06,7255.91
+7.2e+11ns,1,-6.17489e+06,-1.56859e+06,-9.60484e-11,30000
+7.2e+11ns,1,-6.17489e+06,-1.56859e+06,-9.60484e-11,30000
+7.21e+11ns,0,4.55058e+06,5.78786e+06,1.7644e+06,7255.91
+7.21e+11ns,1,-6.16744e+06,-1.59765e+06,-9.78277e-11,30000
+7.21e+11ns,1,-6.16744e+06,-1.59765e+06,-9.78277e-11,30000
+7.22e+11ns,0,4.54392e+06,5.79374e+06,1.76224e+06,7255.91
+7.22e+11ns,1,-6.15985e+06,-1.62667e+06,-9.96049e-11,30000
+7.22e+11ns,1,-6.15985e+06,-1.62667e+06,-9.96049e-11,30000
+7.23e+11ns,0,4.53726e+06,5.79962e+06,1.76008e+06,7255.91
+7.23e+11ns,1,-6.15212e+06,-1.65566e+06,-1.0138e-10,30000
+7.23e+11ns,1,-6.15212e+06,-1.65566e+06,-1.0138e-10,30000
+7.24e+11ns,0,4.53059e+06,5.80548e+06,1.75792e+06,7255.91
+7.24e+11ns,1,-6.14425e+06,-1.68461e+06,-1.03153e-10,30000
+7.24e+11ns,1,-6.14425e+06,-1.68461e+06,-1.03153e-10,30000
+7.25e+11ns,0,4.52392e+06,5.81134e+06,1.75575e+06,7255.91
+7.25e+11ns,1,-6.13625e+06,-1.71352e+06,-1.04923e-10,30000
+7.25e+11ns,1,-6.13625e+06,-1.71352e+06,-1.04923e-10,30000
+7.26e+11ns,0,4.51724e+06,5.81719e+06,1.75358e+06,7255.91
+7.26e+11ns,1,-6.12812e+06,-1.7424e+06,-1.06691e-10,30000
+7.26e+11ns,1,-6.12812e+06,-1.7424e+06,-1.06691e-10,30000
+7.27e+11ns,0,4.51055e+06,5.82303e+06,1.75141e+06,7255.91
+7.27e+11ns,1,-6.11984e+06,-1.77124e+06,-1.08457e-10,30000
+7.27e+11ns,1,-6.11984e+06,-1.77124e+06,-1.08457e-10,30000
+7.28e+11ns,0,4.50386e+06,5.82886e+06,1.74924e+06,7255.91
+7.28e+11ns,1,-6.11143e+06,-1.80003e+06,-1.1022e-10,30000
+7.28e+11ns,1,-6.11143e+06,-1.80003e+06,-1.1022e-10,30000
+7.29e+11ns,0,4.49715e+06,5.83469e+06,1.74706e+06,7255.91
+7.29e+11ns,1,-6.10289e+06,-1.82879e+06,-1.11981e-10,30000
+7.29e+11ns,1,-6.10289e+06,-1.82879e+06,-1.11981e-10,30000
+7.3e+11ns,0,4.49045e+06,5.8405e+06,1.74488e+06,7255.91
+7.3e+11ns,1,-6.09421e+06,-1.85751e+06,-1.1374e-10,30000
+7.3e+11ns,1,-6.09421e+06,-1.85751e+06,-1.1374e-10,30000
+7.31e+11ns,0,4.48373e+06,5.84631e+06,1.7427e+06,7255.91
+7.31e+11ns,1,-6.0854e+06,-1.88618e+06,-1.15495e-10,30000
+7.31e+11ns,1,-6.0854e+06,-1.88618e+06,-1.15495e-10,30000
+7.32e+11ns,0,4.47701e+06,5.85211e+06,1.74052e+06,7255.91
+7.32e+11ns,1,-6.07645e+06,-1.91482e+06,-1.17249e-10,30000
+7.32e+11ns,1,-6.07645e+06,-1.91482e+06,-1.17249e-10,30000
+7.33e+11ns,0,4.47028e+06,5.8579e+06,1.73834e+06,7255.91
+7.33e+11ns,1,-6.06736e+06,-1.94341e+06,-1.19e-10,30000
+7.33e+11ns,1,-6.06736e+06,-1.94341e+06,-1.19e-10,30000
+7.34e+11ns,0,4.46355e+06,5.86368e+06,1.73615e+06,7255.91
+7.34e+11ns,1,-6.05815e+06,-1.97196e+06,-1.20748e-10,30000
+7.34e+11ns,1,-6.05815e+06,-1.97196e+06,-1.20748e-10,30000
+7.35e+11ns,0,4.45681e+06,5.86945e+06,1.73396e+06,7255.91
+7.35e+11ns,1,-6.04879e+06,-2.00046e+06,-1.22493e-10,30000
+7.35e+11ns,1,-6.04879e+06,-2.00046e+06,-1.22493e-10,30000
+7.36e+11ns,0,4.45006e+06,5.87521e+06,1.73177e+06,7255.91
+7.36e+11ns,1,-6.03931e+06,-2.02892e+06,-1.24236e-10,30000
+7.36e+11ns,1,-6.03931e+06,-2.02892e+06,-1.24236e-10,30000
+7.37e+11ns,0,4.4433e+06,5.88097e+06,1.72958e+06,7255.91
+7.37e+11ns,1,-6.02969e+06,-2.05734e+06,-1.25976e-10,30000
+7.37e+11ns,1,-6.02969e+06,-2.05734e+06,-1.25976e-10,30000
+7.38e+11ns,0,4.43654e+06,5.88672e+06,1.72738e+06,7255.91
+7.38e+11ns,1,-6.01993e+06,-2.08571e+06,-1.27713e-10,30000
+7.38e+11ns,1,-6.01993e+06,-2.08571e+06,-1.27713e-10,30000
+7.39e+11ns,0,4.42978e+06,5.89245e+06,1.72518e+06,7255.91
+7.39e+11ns,1,-6.01004e+06,-2.11403e+06,-1.29447e-10,30000
+7.39e+11ns,1,-6.01004e+06,-2.11403e+06,-1.29447e-10,30000
+7.4e+11ns,0,4.423e+06,5.89818e+06,1.72298e+06,7255.91
+7.4e+11ns,1,-6.00002e+06,-2.14231e+06,-1.31179e-10,30000
+7.4e+11ns,1,-6.00002e+06,-2.14231e+06,-1.31179e-10,30000
+7.41e+11ns,0,4.41622e+06,5.9039e+06,1.72078e+06,7255.91
+7.41e+11ns,1,-5.98987e+06,-2.17054e+06,-1.32907e-10,30000
+7.41e+11ns,1,-5.98987e+06,-2.17054e+06,-1.32907e-10,30000
+7.42e+11ns,0,4.40943e+06,5.90962e+06,1.71857e+06,7255.91
+7.42e+11ns,1,-5.97958e+06,-2.19872e+06,-1.34633e-10,30000
+7.42e+11ns,1,-5.97958e+06,-2.19872e+06,-1.34633e-10,30000
+7.43e+11ns,0,4.40264e+06,5.91532e+06,1.71637e+06,7255.91
+7.43e+11ns,1,-5.96916e+06,-2.22685e+06,-1.36355e-10,30000
+7.43e+11ns,1,-5.96916e+06,-2.22685e+06,-1.36355e-10,30000
+7.44e+11ns,0,4.39584e+06,5.92102e+06,1.71416e+06,7255.91
+7.44e+11ns,1,-5.95861e+06,-2.25493e+06,-1.38075e-10,30000
+7.44e+11ns,1,-5.95861e+06,-2.25493e+06,-1.38075e-10,30000
+7.45e+11ns,0,4.38903e+06,5.9267e+06,1.71195e+06,7255.91
+7.45e+11ns,1,-5.94793e+06,-2.28297e+06,-1.39791e-10,30000
+7.45e+11ns,1,-5.94793e+06,-2.28297e+06,-1.39791e-10,30000
+7.46e+11ns,0,4.38222e+06,5.93238e+06,1.70973e+06,7255.91
+7.46e+11ns,1,-5.93711e+06,-2.31095e+06,-1.41505e-10,30000
+7.46e+11ns,1,-5.93711e+06,-2.31095e+06,-1.41505e-10,30000
+7.47e+11ns,0,4.3754e+06,5.93805e+06,1.70752e+06,7255.91
+7.47e+11ns,1,-5.92616e+06,-2.33888e+06,-1.43215e-10,30000
+7.47e+11ns,1,-5.92616e+06,-2.33888e+06,-1.43215e-10,30000
+7.48e+11ns,0,4.36857e+06,5.94371e+06,1.7053e+06,7255.91
+7.48e+11ns,1,-5.91508e+06,-2.36676e+06,-1.44922e-10,30000
+7.48e+11ns,1,-5.91508e+06,-2.36676e+06,-1.44922e-10,30000
+7.49e+11ns,0,4.36174e+06,5.94936e+06,1.70308e+06,7255.91
+7.49e+11ns,1,-5.90387e+06,-2.39459e+06,-1.46626e-10,30000
+7.49e+11ns,1,-5.90387e+06,-2.39459e+06,-1.46626e-10,30000
+7.5e+11ns,0,4.3549e+06,5.95501e+06,1.70086e+06,7255.91
+7.5e+11ns,1,-5.89253e+06,-2.42236e+06,-1.48327e-10,30000
+7.5e+11ns,1,-5.89253e+06,-2.42236e+06,-1.48327e-10,30000
+7.51e+11ns,0,4.34806e+06,5.96064e+06,1.69863e+06,7255.91
+7.51e+11ns,1,-5.88106e+06,-2.45008e+06,-1.50024e-10,30000
+7.51e+11ns,1,-5.88106e+06,-2.45008e+06,-1.50024e-10,30000
+7.52e+11ns,0,4.34121e+06,5.96627e+06,1.6964e+06,7255.91
+7.52e+11ns,1,-5.86946e+06,-2.47775e+06,-1.51718e-10,30000
+7.52e+11ns,1,-5.86946e+06,-2.47775e+06,-1.51718e-10,30000
+7.53e+11ns,0,4.33435e+06,5.97188e+06,1.69417e+06,7255.91
+7.53e+11ns,1,-5.85772e+06,-2.50536e+06,-1.53409e-10,30000
+7.53e+11ns,1,-5.85772e+06,-2.50536e+06,-1.53409e-10,30000
+7.54e+11ns,0,4.32748e+06,5.97749e+06,1.69194e+06,7255.91
+7.54e+11ns,1,-5.84586e+06,-2.53291e+06,-1.55096e-10,30000
+7.54e+11ns,1,-5.84586e+06,-2.53291e+06,-1.55096e-10,30000
+7.55e+11ns,0,4.32061e+06,5.98309e+06,1.68971e+06,7255.91
+7.55e+11ns,1,-5.83387e+06,-2.56041e+06,-1.5678e-10,30000
+7.55e+11ns,1,-5.83387e+06,-2.56041e+06,-1.5678e-10,30000
+7.56e+11ns,0,4.31373e+06,5.98868e+06,1.68747e+06,7255.91
+7.56e+11ns,1,-5.82175e+06,-2.58785e+06,-1.5846e-10,30000
+7.56e+11ns,1,-5.82175e+06,-2.58785e+06,-1.5846e-10,30000
+7.57e+11ns,0,4.30685e+06,5.99426e+06,1.68524e+06,7255.91
+7.57e+11ns,1,-5.8095e+06,-2.61524e+06,-1.60137e-10,30000
+7.57e+11ns,1,-5.8095e+06,-2.61524e+06,-1.60137e-10,30000
+7.58e+11ns,0,4.29996e+06,5.99984e+06,1.683e+06,7255.91
+7.58e+11ns,1,-5.79712e+06,-2.64257e+06,-1.6181e-10,30000
+7.58e+11ns,1,-5.79712e+06,-2.64257e+06,-1.6181e-10,30000
+7.59e+11ns,0,4.29306e+06,6.0054e+06,1.68075e+06,7255.91
+7.59e+11ns,1,-5.78461e+06,-2.66983e+06,-1.6348e-10,30000
+7.59e+11ns,1,-5.78461e+06,-2.66983e+06,-1.6348e-10,30000
+7.6e+11ns,0,4.28616e+06,6.01096e+06,1.67851e+06,7255.91
+7.6e+11ns,1,-5.77198e+06,-2.69704e+06,-1.65146e-10,30000
+7.6e+11ns,1,-5.77198e+06,-2.69704e+06,-1.65146e-10,30000
+7.61e+11ns,0,4.27925e+06,6.01651e+06,1.67626e+06,7255.91
+7.61e+11ns,1,-5.75921e+06,-2.72419e+06,-1.66809e-10,30000
+7.61e+11ns,1,-5.75921e+06,-2.72419e+06,-1.66809e-10,30000
+7.62e+11ns,0,4.27233e+06,6.02204e+06,1.67401e+06,7255.91
+7.62e+11ns,1,-5.74632e+06,-2.75128e+06,-1.68467e-10,30000
+7.62e+11ns,1,-5.74632e+06,-2.75128e+06,-1.68467e-10,30000
+7.63e+11ns,0,4.26541e+06,6.02757e+06,1.67176e+06,7255.91
+7.63e+11ns,1,-5.7333e+06,-2.77831e+06,-1.70122e-10,30000
+7.63e+11ns,1,-5.7333e+06,-2.77831e+06,-1.70122e-10,30000
+7.64e+11ns,0,4.25848e+06,6.03309e+06,1.66951e+06,7255.91
+7.64e+11ns,1,-5.72016e+06,-2.80527e+06,-1.71774e-10,30000
+7.64e+11ns,1,-5.72016e+06,-2.80527e+06,-1.71774e-10,30000
+7.65e+11ns,0,4.25155e+06,6.03861e+06,1.66725e+06,7255.91
+7.65e+11ns,1,-5.70688e+06,-2.83218e+06,-1.73421e-10,30000
+7.65e+11ns,1,-5.70688e+06,-2.83218e+06,-1.73421e-10,30000
+7.66e+11ns,0,4.24461e+06,6.04411e+06,1.665e+06,7255.91
+7.66e+11ns,1,-5.69348e+06,-2.85902e+06,-1.75064e-10,30000
+7.66e+11ns,1,-5.69348e+06,-2.85902e+06,-1.75064e-10,30000
+7.67e+11ns,0,4.23766e+06,6.0496e+06,1.66274e+06,7255.91
+7.67e+11ns,1,-5.67996e+06,-2.8858e+06,-1.76704e-10,30000
+7.67e+11ns,1,-5.67996e+06,-2.8858e+06,-1.76704e-10,30000
+7.68e+11ns,0,4.23071e+06,6.05509e+06,1.66047e+06,7255.91
+7.68e+11ns,1,-5.66631e+06,-2.91251e+06,-1.7834e-10,30000
+7.68e+11ns,1,-5.66631e+06,-2.91251e+06,-1.7834e-10,30000
+7.69e+11ns,0,4.22375e+06,6.06057e+06,1.65821e+06,7255.91
+7.69e+11ns,1,-5.65253e+06,-2.93916e+06,-1.79972e-10,30000
+7.69e+11ns,1,-5.65253e+06,-2.93916e+06,-1.79972e-10,30000
+7.7e+11ns,0,4.21678e+06,6.06604e+06,1.65594e+06,7255.91
+7.7e+11ns,1,-5.63863e+06,-2.96575e+06,-1.816e-10,30000
+7.7e+11ns,1,-5.63863e+06,-2.96575e+06,-1.816e-10,30000
+7.71e+11ns,0,4.20981e+06,6.07149e+06,1.65368e+06,7255.91
+7.71e+11ns,1,-5.6246e+06,-2.99226e+06,-1.83223e-10,30000
+7.71e+11ns,1,-5.6246e+06,-2.99226e+06,-1.83223e-10,30000
+7.72e+11ns,0,4.20283e+06,6.07694e+06,1.65141e+06,7255.91
+7.72e+11ns,1,-5.61045e+06,-3.01872e+06,-1.84843e-10,30000
+7.72e+11ns,1,-5.61045e+06,-3.01872e+06,-1.84843e-10,30000
+7.73e+11ns,0,4.19585e+06,6.08239e+06,1.64913e+06,7255.91
+7.73e+11ns,1,-5.59617e+06,-3.0451e+06,-1.86459e-10,30000
+7.73e+11ns,1,-5.59617e+06,-3.0451e+06,-1.86459e-10,30000
+7.74e+11ns,0,4.18885e+06,6.08782e+06,1.64686e+06,7255.91
+7.74e+11ns,1,-5.58177e+06,-3.07142e+06,-1.8807e-10,30000
+7.74e+11ns,1,-5.58177e+06,-3.07142e+06,-1.8807e-10,30000
+7.75e+11ns,0,4.18186e+06,6.09324e+06,1.64458e+06,7255.91
+7.75e+11ns,1,-5.56724e+06,-3.09767e+06,-1.89677e-10,30000
+7.75e+11ns,1,-5.56724e+06,-3.09767e+06,-1.89677e-10,30000
+7.76e+11ns,0,4.17485e+06,6.09866e+06,1.6423e+06,7255.91
+7.76e+11ns,1,-5.5526e+06,-3.12385e+06,-1.91281e-10,30000
+7.76e+11ns,1,-5.5526e+06,-3.12385e+06,-1.91281e-10,30000
+7.77e+11ns,0,4.16784e+06,6.10406e+06,1.64002e+06,7255.91
+7.77e+11ns,1,-5.53783e+06,-3.14996e+06,-1.92879e-10,30000
+7.77e+11ns,1,-5.53783e+06,-3.14996e+06,-1.92879e-10,30000
+7.78e+11ns,0,4.16083e+06,6.10946e+06,1.63774e+06,7255.91
+7.78e+11ns,1,-5.52293e+06,-3.176e+06,-1.94474e-10,30000
+7.78e+11ns,1,-5.52293e+06,-3.176e+06,-1.94474e-10,30000
+7.79e+11ns,0,4.15381e+06,6.11485e+06,1.63545e+06,7255.91
+7.79e+11ns,1,-5.50791e+06,-3.20197e+06,-1.96064e-10,30000
+7.79e+11ns,1,-5.50791e+06,-3.20197e+06,-1.96064e-10,30000
+7.8e+11ns,0,4.14678e+06,6.12023e+06,1.63316e+06,7255.91
+7.8e+11ns,1,-5.49278e+06,-3.22787e+06,-1.9765e-10,30000
+7.8e+11ns,1,-5.49278e+06,-3.22787e+06,-1.9765e-10,30000
+7.81e+11ns,0,4.13975e+06,6.1256e+06,1.63087e+06,7255.91
+7.81e+11ns,1,-5.47752e+06,-3.2537e+06,-1.99232e-10,30000
+7.81e+11ns,1,-5.47752e+06,-3.2537e+06,-1.99232e-10,30000
+7.82e+11ns,0,4.1327e+06,6.13096e+06,1.62858e+06,7255.91
+7.82e+11ns,1,-5.46213e+06,-3.27946e+06,-2.00809e-10,30000
+7.82e+11ns,1,-5.46213e+06,-3.27946e+06,-2.00809e-10,30000
+7.83e+11ns,0,4.12566e+06,6.13631e+06,1.62629e+06,7255.91
+7.83e+11ns,1,-5.44663e+06,-3.30514e+06,-2.02382e-10,30000
+7.83e+11ns,1,-5.44663e+06,-3.30514e+06,-2.02382e-10,30000
+7.84e+11ns,0,4.11861e+06,6.14165e+06,1.62399e+06,7255.91
+7.84e+11ns,1,-5.43101e+06,-3.33075e+06,-2.0395e-10,30000
+7.84e+11ns,1,-5.43101e+06,-3.33075e+06,-2.0395e-10,30000
+7.85e+11ns,0,4.11155e+06,6.14699e+06,1.6217e+06,7255.91
+7.85e+11ns,1,-5.41526e+06,-3.35629e+06,-2.05513e-10,30000
+7.85e+11ns,1,-5.41526e+06,-3.35629e+06,-2.05513e-10,30000
+7.86e+11ns,0,4.10448e+06,6.15231e+06,1.6194e+06,7255.91
+7.86e+11ns,1,-5.3994e+06,-3.38175e+06,-2.07073e-10,30000
+7.86e+11ns,1,-5.3994e+06,-3.38175e+06,-2.07073e-10,30000
+7.87e+11ns,0,4.09741e+06,6.15763e+06,1.61709e+06,7255.91
+7.87e+11ns,1,-5.38342e+06,-3.40714e+06,-2.08627e-10,30000
+7.87e+11ns,1,-5.38342e+06,-3.40714e+06,-2.08627e-10,30000
+7.88e+11ns,0,4.09034e+06,6.16294e+06,1.61479e+06,7255.91
+7.88e+11ns,1,-5.36731e+06,-3.43245e+06,-2.10177e-10,30000
+7.88e+11ns,1,-5.36731e+06,-3.43245e+06,-2.10177e-10,30000
+7.89e+11ns,0,4.08325e+06,6.16824e+06,1.61248e+06,7255.91
+7.89e+11ns,1,-5.35109e+06,-3.45769e+06,-2.11722e-10,30000
+7.89e+11ns,1,-5.35109e+06,-3.45769e+06,-2.11722e-10,30000
+7.9e+11ns,0,4.07616e+06,6.17352e+06,1.61017e+06,7255.91
+7.9e+11ns,1,-5.33475e+06,-3.48285e+06,-2.13263e-10,30000
+7.9e+11ns,1,-5.33475e+06,-3.48285e+06,-2.13263e-10,30000
+7.91e+11ns,0,4.06907e+06,6.17881e+06,1.60786e+06,7255.91
+7.91e+11ns,1,-5.31829e+06,-3.50793e+06,-2.14799e-10,30000
+7.91e+11ns,1,-5.31829e+06,-3.50793e+06,-2.14799e-10,30000
+7.92e+11ns,0,4.06197e+06,6.18408e+06,1.60555e+06,7255.91
+7.92e+11ns,1,-5.30171e+06,-3.53293e+06,-2.1633e-10,30000
+7.92e+11ns,1,-5.30171e+06,-3.53293e+06,-2.1633e-10,30000
+7.93e+11ns,0,4.05486e+06,6.18934e+06,1.60324e+06,7255.91
+7.93e+11ns,1,-5.28502e+06,-3.55786e+06,-2.17856e-10,30000
+7.93e+11ns,1,-5.28502e+06,-3.55786e+06,-2.17856e-10,30000
+7.94e+11ns,0,4.04775e+06,6.19459e+06,1.60092e+06,7255.91
+7.94e+11ns,1,-5.26821e+06,-3.5827e+06,-2.19377e-10,30000
+7.94e+11ns,1,-5.26821e+06,-3.5827e+06,-2.19377e-10,30000
+7.95e+11ns,0,4.04063e+06,6.19984e+06,1.5986e+06,7255.91
+7.95e+11ns,1,-5.25128e+06,-3.60747e+06,-2.20894e-10,30000
+7.95e+11ns,1,-5.25128e+06,-3.60747e+06,-2.20894e-10,30000
+7.96e+11ns,0,4.0335e+06,6.20507e+06,1.59628e+06,7255.91
+7.96e+11ns,1,-5.23423e+06,-3.63216e+06,-2.22406e-10,30000
+7.96e+11ns,1,-5.23423e+06,-3.63216e+06,-2.22406e-10,30000
+7.97e+11ns,0,4.02637e+06,6.2103e+06,1.59396e+06,7255.91
+7.97e+11ns,1,-5.21707e+06,-3.65676e+06,-2.23912e-10,30000
+7.97e+11ns,1,-5.21707e+06,-3.65676e+06,-2.23912e-10,30000
+7.98e+11ns,0,4.01924e+06,6.21552e+06,1.59163e+06,7255.91
+7.98e+11ns,1,-5.19979e+06,-3.68129e+06,-2.25414e-10,30000
+7.98e+11ns,1,-5.19979e+06,-3.68129e+06,-2.25414e-10,30000
+7.99e+11ns,0,4.01209e+06,6.22072e+06,1.5893e+06,7255.91
+7.99e+11ns,1,-5.1824e+06,-3.70573e+06,-2.26911e-10,30000
+7.99e+11ns,1,-5.1824e+06,-3.70573e+06,-2.26911e-10,30000
+8e+11ns,0,4.00494e+06,6.22592e+06,1.58697e+06,7255.91
+8e+11ns,1,-5.16489e+06,-3.7301e+06,-2.28403e-10,30000
+8e+11ns,1,-5.16489e+06,-3.7301e+06,-2.28403e-10,30000
+8.01e+11ns,0,3.99779e+06,6.23111e+06,1.58464e+06,7255.91
+8.01e+11ns,1,-5.14727e+06,-3.75438e+06,-2.29889e-10,30000
+8.01e+11ns,1,-5.14727e+06,-3.75438e+06,-2.29889e-10,30000
+8.02e+11ns,0,3.99063e+06,6.23629e+06,1.58231e+06,7255.91
+8.02e+11ns,1,-5.12954e+06,-3.77857e+06,-2.31371e-10,30000
+8.02e+11ns,1,-5.12954e+06,-3.77857e+06,-2.31371e-10,30000
+8.03e+11ns,0,3.98346e+06,6.24147e+06,1.57997e+06,7255.91
+8.03e+11ns,1,-5.11169e+06,-3.80268e+06,-2.32847e-10,30000
+8.03e+11ns,1,-5.11169e+06,-3.80268e+06,-2.32847e-10,30000
+8.04e+11ns,0,3.97629e+06,6.24663e+06,1.57764e+06,7255.91
+8.04e+11ns,1,-5.09373e+06,-3.82671e+06,-2.34318e-10,30000
+8.04e+11ns,1,-5.09373e+06,-3.82671e+06,-2.34318e-10,30000
+8.05e+11ns,0,3.96911e+06,6.25178e+06,1.5753e+06,7255.91
+8.05e+11ns,1,-5.07565e+06,-3.85065e+06,-2.35785e-10,30000
+8.05e+11ns,1,-5.07565e+06,-3.85065e+06,-2.35785e-10,30000
+8.06e+11ns,0,3.96193e+06,6.25693e+06,1.57295e+06,7255.91
+8.06e+11ns,1,-5.05746e+06,-3.87451e+06,-2.37245e-10,30000
+8.06e+11ns,1,-5.05746e+06,-3.87451e+06,-2.37245e-10,30000
+8.07e+11ns,0,3.95474e+06,6.26206e+06,1.57061e+06,7255.91
+8.07e+11ns,1,-5.03916e+06,-3.89828e+06,-2.38701e-10,30000
+8.07e+11ns,1,-5.03916e+06,-3.89828e+06,-2.38701e-10,30000
+8.08e+11ns,0,3.94754e+06,6.26719e+06,1.56827e+06,7255.91
+8.08e+11ns,1,-5.02075e+06,-3.92197e+06,-2.40151e-10,30000
+8.08e+11ns,1,-5.02075e+06,-3.92197e+06,-2.40151e-10,30000
+8.09e+11ns,0,3.94034e+06,6.2723e+06,1.56592e+06,7255.91
+8.09e+11ns,1,-5.00223e+06,-3.94557e+06,-2.41596e-10,30000
+8.09e+11ns,1,-5.00223e+06,-3.94557e+06,-2.41596e-10,30000
+8.1e+11ns,0,3.93313e+06,6.27741e+06,1.56357e+06,7255.91
+8.1e+11ns,1,-4.98359e+06,-3.96908e+06,-2.43036e-10,30000
+8.1e+11ns,1,-4.98359e+06,-3.96908e+06,-2.43036e-10,30000
+8.11e+11ns,0,3.92592e+06,6.28251e+06,1.56122e+06,7255.91
+8.11e+11ns,1,-4.96485e+06,-3.9925e+06,-2.4447e-10,30000
+8.11e+11ns,1,-4.96485e+06,-3.9925e+06,-2.4447e-10,30000
+8.12e+11ns,0,3.9187e+06,6.2876e+06,1.55886e+06,7255.91
+8.12e+11ns,1,-4.94599e+06,-4.01583e+06,-2.45899e-10,30000
+8.12e+11ns,1,-4.94599e+06,-4.01583e+06,-2.45899e-10,30000
+8.13e+11ns,0,3.91147e+06,6.29268e+06,1.55651e+06,7255.91
+8.13e+11ns,1,-4.92703e+06,-4.03908e+06,-2.47322e-10,30000
+8.13e+11ns,1,-4.92703e+06,-4.03908e+06,-2.47322e-10,30000
+8.14e+11ns,0,3.90424e+06,6.29775e+06,1.55415e+06,7255.91
+8.14e+11ns,1,-4.90795e+06,-4.06224e+06,-2.4874e-10,30000
+8.14e+11ns,1,-4.90795e+06,-4.06224e+06,-2.4874e-10,30000
+8.15e+11ns,0,3.89701e+06,6.30281e+06,1.55179e+06,7255.91
+8.15e+11ns,1,-4.88877e+06,-4.0853e+06,-2.50153e-10,30000
+8.15e+11ns,1,-4.88877e+06,-4.0853e+06,-2.50153e-10,30000
+8.16e+11ns,0,3.88976e+06,6.30787e+06,1.54943e+06,7255.91
+8.16e+11ns,1,-4.86948e+06,-4.10828e+06,-2.51559e-10,30000
+8.16e+11ns,1,-4.86948e+06,-4.10828e+06,-2.51559e-10,30000
+8.17e+11ns,0,3.88252e+06,6.31291e+06,1.54706e+06,7255.91
+8.17e+11ns,1,-4.85008e+06,-4.13116e+06,-2.52961e-10,30000
+8.17e+11ns,1,-4.85008e+06,-4.13116e+06,-2.52961e-10,30000
+8.18e+11ns,0,3.87526e+06,6.31795e+06,1.5447e+06,7255.91
+8.18e+11ns,1,-4.83057e+06,-4.15395e+06,-2.54356e-10,30000
+8.18e+11ns,1,-4.83057e+06,-4.15395e+06,-2.54356e-10,30000
+8.19e+11ns,0,3.868e+06,6.32297e+06,1.54233e+06,7255.91
+8.19e+11ns,1,-4.81096e+06,-4.17665e+06,-2.55746e-10,30000
+8.19e+11ns,1,-4.81096e+06,-4.17665e+06,-2.55746e-10,30000
+8.2e+11ns,0,3.86074e+06,6.32799e+06,1.53996e+06,7255.91
+8.2e+11ns,1,-4.79124e+06,-4.19926e+06,-2.57131e-10,30000
+8.2e+11ns,1,-4.79124e+06,-4.19926e+06,-2.57131e-10,30000
+8.21e+11ns,0,3.85347e+06,6.33299e+06,1.53759e+06,7255.91
+8.21e+11ns,1,-4.77141e+06,-4.22177e+06,-2.58509e-10,30000
+8.21e+11ns,1,-4.77141e+06,-4.22177e+06,-2.58509e-10,30000
+8.22e+11ns,0,3.84619e+06,6.33799e+06,1.53521e+06,7255.91
+8.22e+11ns,1,-4.75148e+06,-4.2442e+06,-2.59882e-10,30000
+8.22e+11ns,1,-4.75148e+06,-4.2442e+06,-2.59882e-10,30000
+8.23e+11ns,0,3.83891e+06,6.34298e+06,1.53284e+06,7255.91
+8.23e+11ns,1,-4.73144e+06,-4.26652e+06,-2.61249e-10,30000
+8.23e+11ns,1,-4.73144e+06,-4.26652e+06,-2.61249e-10,30000
+8.24e+11ns,0,3.83162e+06,6.34796e+06,1.53046e+06,7255.91
+8.24e+11ns,1,-4.7113e+06,-4.28875e+06,-2.6261e-10,30000
+8.24e+11ns,1,-4.7113e+06,-4.28875e+06,-2.6261e-10,30000
+8.25e+11ns,0,3.82432e+06,6.35293e+06,1.52808e+06,7255.91
+8.25e+11ns,1,-4.69105e+06,-4.31089e+06,-2.63966e-10,30000
+8.25e+11ns,1,-4.69105e+06,-4.31089e+06,-2.63966e-10,30000
+8.26e+11ns,0,3.81703e+06,6.35789e+06,1.5257e+06,7255.91
+8.26e+11ns,1,-4.6707e+06,-4.33293e+06,-2.65316e-10,30000
+8.26e+11ns,1,-4.6707e+06,-4.33293e+06,-2.65316e-10,30000
+8.27e+11ns,0,3.80972e+06,6.36284e+06,1.52331e+06,7255.91
+8.27e+11ns,1,-4.65025e+06,-4.35488e+06,-2.66659e-10,30000
+8.27e+11ns,1,-4.65025e+06,-4.35488e+06,-2.66659e-10,30000
+8.28e+11ns,0,3.80241e+06,6.36778e+06,1.52093e+06,7255.91
+8.28e+11ns,1,-4.62969e+06,-4.37673e+06,-2.67997e-10,30000
+8.28e+11ns,1,-4.62969e+06,-4.37673e+06,-2.67997e-10,30000
+8.29e+11ns,0,3.79509e+06,6.37271e+06,1.51854e+06,7255.91
+8.29e+11ns,1,-4.60903e+06,-4.39848e+06,-2.69329e-10,30000
+8.29e+11ns,1,-4.60903e+06,-4.39848e+06,-2.69329e-10,30000
+8.3e+11ns,0,3.78777e+06,6.37764e+06,1.51615e+06,7255.91
+8.3e+11ns,1,-4.58826e+06,-4.42013e+06,-2.70655e-10,30000
+8.3e+11ns,1,-4.58826e+06,-4.42013e+06,-2.70655e-10,30000
+8.31e+11ns,0,3.78044e+06,6.38255e+06,1.51376e+06,7255.91
+8.31e+11ns,1,-4.5674e+06,-4.44169e+06,-2.71975e-10,30000
+8.31e+11ns,1,-4.5674e+06,-4.44169e+06,-2.71975e-10,30000
+8.32e+11ns,0,3.77311e+06,6.38746e+06,1.51137e+06,7255.91
+8.32e+11ns,1,-4.54643e+06,-4.46315e+06,-2.73289e-10,30000
+8.32e+11ns,1,-4.54643e+06,-4.46315e+06,-2.73289e-10,30000
+8.33e+11ns,0,3.76577e+06,6.39235e+06,1.50897e+06,7255.91
+8.33e+11ns,1,-4.52537e+06,-4.48451e+06,-2.74597e-10,30000
+8.33e+11ns,1,-4.52537e+06,-4.48451e+06,-2.74597e-10,30000
+8.34e+11ns,0,3.75843e+06,6.39724e+06,1.50657e+06,7255.91
+8.34e+11ns,1,-4.5042e+06,-4.50577e+06,-2.75899e-10,30000
+8.34e+11ns,1,-4.5042e+06,-4.50577e+06,-2.75899e-10,30000
+8.35e+11ns,0,3.75108e+06,6.40211e+06,1.50417e+06,7255.91
+8.35e+11ns,1,-4.48293e+06,-4.52693e+06,-2.77194e-10,30000
+8.35e+11ns,1,-4.48293e+06,-4.52693e+06,-2.77194e-10,30000
+8.36e+11ns,0,3.74372e+06,6.40698e+06,1.50177e+06,7255.91
+8.36e+11ns,1,-4.46157e+06,-4.54798e+06,-2.78484e-10,30000
+8.36e+11ns,1,-4.46157e+06,-4.54798e+06,-2.78484e-10,30000
+8.37e+11ns,0,3.73636e+06,6.41184e+06,1.49937e+06,7255.91
+8.37e+11ns,1,-4.4401e+06,-4.56894e+06,-2.79767e-10,30000
+8.37e+11ns,1,-4.4401e+06,-4.56894e+06,-2.79767e-10,30000
+8.38e+11ns,0,3.72899e+06,6.41669e+06,1.49696e+06,7255.91
+8.38e+11ns,1,-4.41854e+06,-4.5898e+06,-2.81044e-10,30000
+8.38e+11ns,1,-4.41854e+06,-4.5898e+06,-2.81044e-10,30000
+8.39e+11ns,0,3.72162e+06,6.42153e+06,1.49455e+06,7255.91
+8.39e+11ns,1,-4.39688e+06,-4.61055e+06,-2.82315e-10,30000
+8.39e+11ns,1,-4.39688e+06,-4.61055e+06,-2.82315e-10,30000
+8.4e+11ns,0,3.71424e+06,6.42636e+06,1.49215e+06,7255.91
+8.4e+11ns,1,-4.37512e+06,-4.63121e+06,-2.8358e-10,30000
+8.4e+11ns,1,-4.37512e+06,-4.63121e+06,-2.8358e-10,30000
+8.41e+11ns,0,3.70686e+06,6.43118e+06,1.48973e+06,7255.91
+8.41e+11ns,1,-4.35326e+06,-4.65176e+06,-2.84838e-10,30000
+8.41e+11ns,1,-4.35326e+06,-4.65176e+06,-2.84838e-10,30000
+8.42e+11ns,0,3.69947e+06,6.43599e+06,1.48732e+06,7255.91
+8.42e+11ns,1,-4.33131e+06,-4.67221e+06,-2.8609e-10,30000
+8.42e+11ns,1,-4.33131e+06,-4.67221e+06,-2.8609e-10,30000
+8.43e+11ns,0,3.69208e+06,6.44079e+06,1.48491e+06,7255.91
+8.43e+11ns,1,-4.30926e+06,-4.69255e+06,-2.87336e-10,30000
+8.43e+11ns,1,-4.30926e+06,-4.69255e+06,-2.87336e-10,30000
+8.44e+11ns,0,3.68468e+06,6.44558e+06,1.48249e+06,7255.91
+8.44e+11ns,1,-4.28712e+06,-4.71279e+06,-2.88575e-10,30000
+8.44e+11ns,1,-4.28712e+06,-4.71279e+06,-2.88575e-10,30000
+8.45e+11ns,0,3.67727e+06,6.45037e+06,1.48007e+06,7255.91
+8.45e+11ns,1,-4.26488e+06,-4.73292e+06,-2.89808e-10,30000
+8.45e+11ns,1,-4.26488e+06,-4.73292e+06,-2.89808e-10,30000
+8.46e+11ns,0,3.66986e+06,6.45514e+06,1.47765e+06,7255.91
+8.46e+11ns,1,-4.24255e+06,-4.75295e+06,-2.91034e-10,30000
+8.46e+11ns,1,-4.24255e+06,-4.75295e+06,-2.91034e-10,30000
+8.47e+11ns,0,3.66245e+06,6.4599e+06,1.47523e+06,7255.91
+8.47e+11ns,1,-4.22012e+06,-4.77288e+06,-2.92254e-10,30000
+8.47e+11ns,1,-4.22012e+06,-4.77288e+06,-2.92254e-10,30000
+8.48e+11ns,0,3.65503e+06,6.46466e+06,1.4728e+06,7255.91
+8.48e+11ns,1,-4.1976e+06,-4.7927e+06,-2.93468e-10,30000
+8.48e+11ns,1,-4.1976e+06,-4.7927e+06,-2.93468e-10,30000
+8.49e+11ns,0,3.6476e+06,6.4694e+06,1.47038e+06,7255.91
+8.49e+11ns,1,-4.17498e+06,-4.81241e+06,-2.94675e-10,30000
+8.49e+11ns,1,-4.17498e+06,-4.81241e+06,-2.94675e-10,30000
+8.5e+11ns,0,3.64017e+06,6.47414e+06,1.46795e+06,7255.91
+8.5e+11ns,1,-4.15227e+06,-4.83202e+06,-2.95876e-10,30000
+8.5e+11ns,1,-4.15227e+06,-4.83202e+06,-2.95876e-10,30000
+8.51e+11ns,0,3.63273e+06,6.47887e+06,1.46552e+06,7255.91
+8.51e+11ns,1,-4.12948e+06,-4.85151e+06,-2.9707e-10,30000
+8.51e+11ns,1,-4.12948e+06,-4.85151e+06,-2.9707e-10,30000
+8.52e+11ns,0,3.62529e+06,6.48358e+06,1.46308e+06,7255.91
+8.52e+11ns,1,-4.10658e+06,-4.8709e+06,-2.98257e-10,30000
+8.52e+11ns,1,-4.10658e+06,-4.8709e+06,-2.98257e-10,30000
+8.53e+11ns,0,3.61784e+06,6.48829e+06,1.46065e+06,7255.91
+8.53e+11ns,1,-4.0836e+06,-4.89019e+06,-2.99438e-10,30000
+8.53e+11ns,1,-4.0836e+06,-4.89019e+06,-2.99438e-10,30000
+8.54e+11ns,0,3.61038e+06,6.49299e+06,1.45821e+06,7255.91
+8.54e+11ns,1,-4.06053e+06,-4.90936e+06,-3.00612e-10,30000
+8.54e+11ns,1,-4.06053e+06,-4.90936e+06,-3.00612e-10,30000
+8.55e+11ns,0,3.60293e+06,6.49768e+06,1.45578e+06,7255.91
+8.55e+11ns,1,-4.03737e+06,-4.92843e+06,-3.01779e-10,30000
+8.55e+11ns,1,-4.03737e+06,-4.92843e+06,-3.01779e-10,30000
+8.56e+11ns,0,3.59546e+06,6.50236e+06,1.45334e+06,7255.91
+8.56e+11ns,1,-4.01412e+06,-4.94739e+06,-3.0294e-10,30000
+8.56e+11ns,1,-4.01412e+06,-4.94739e+06,-3.0294e-10,30000
+8.57e+11ns,0,3.58799e+06,6.50703e+06,1.45089e+06,7255.91
+8.57e+11ns,1,-3.99078e+06,-4.96623e+06,-3.04094e-10,30000
+8.57e+11ns,1,-3.99078e+06,-4.96623e+06,-3.04094e-10,30000
+8.58e+11ns,0,3.58052e+06,6.51169e+06,1.44845e+06,7255.91
+8.58e+11ns,1,-3.96735e+06,-4.98497e+06,-3.05241e-10,30000
+8.58e+11ns,1,-3.96735e+06,-4.98497e+06,-3.05241e-10,30000
+8.59e+11ns,0,3.57304e+06,6.51634e+06,1.44601e+06,7255.91
+8.59e+11ns,1,-3.94383e+06,-5.0036e+06,-3.06382e-10,30000
+8.59e+11ns,1,-3.94383e+06,-5.0036e+06,-3.06382e-10,30000
+8.6e+11ns,0,3.56555e+06,6.52098e+06,1.44356e+06,7255.91
+8.6e+11ns,1,-3.92022e+06,-5.02211e+06,-3.07516e-10,30000
+8.6e+11ns,1,-3.92022e+06,-5.02211e+06,-3.07516e-10,30000
+8.61e+11ns,0,3.55806e+06,6.52561e+06,1.44111e+06,7255.91
+8.61e+11ns,1,-3.89653e+06,-5.04051e+06,-3.08642e-10,30000
+8.61e+11ns,1,-3.89653e+06,-5.04051e+06,-3.08642e-10,30000
+8.62e+11ns,0,3.55056e+06,6.53023e+06,1.43866e+06,7255.91
+8.62e+11ns,1,-3.87276e+06,-5.05881e+06,-3.09763e-10,30000
+8.62e+11ns,1,-3.87276e+06,-5.05881e+06,-3.09763e-10,30000
+8.63e+11ns,0,3.54306e+06,6.53485e+06,1.4362e+06,7255.91
+8.63e+11ns,1,-3.84889e+06,-5.07699e+06,-3.10876e-10,30000
+8.63e+11ns,1,-3.84889e+06,-5.07699e+06,-3.10876e-10,30000
+8.64e+11ns,0,3.53556e+06,6.53945e+06,1.43375e+06,7255.91
+8.64e+11ns,1,-3.82494e+06,-5.09505e+06,-3.11982e-10,30000
+8.64e+11ns,1,-3.82494e+06,-5.09505e+06,-3.11982e-10,30000
+8.65e+11ns,0,3.52804e+06,6.54404e+06,1.43129e+06,7255.91
+8.65e+11ns,1,-3.80091e+06,-5.11301e+06,-3.13081e-10,30000
+8.65e+11ns,1,-3.80091e+06,-5.11301e+06,-3.13081e-10,30000
+8.66e+11ns,0,3.52053e+06,6.54863e+06,1.42883e+06,7255.91
+8.66e+11ns,1,-3.77679e+06,-5.13085e+06,-3.14174e-10,30000
+8.66e+11ns,1,-3.77679e+06,-5.13085e+06,-3.14174e-10,30000
+8.67e+11ns,0,3.513e+06,6.5532e+06,1.42637e+06,7255.91
+8.67e+11ns,1,-3.75259e+06,-5.14858e+06,-3.15259e-10,30000
+8.67e+11ns,1,-3.75259e+06,-5.14858e+06,-3.15259e-10,30000
+8.68e+11ns,0,3.50548e+06,6.55776e+06,1.42391e+06,7255.91
+8.68e+11ns,1,-3.7283e+06,-5.16619e+06,-3.16338e-10,30000
+8.68e+11ns,1,-3.7283e+06,-5.16619e+06,-3.16338e-10,30000
+8.69e+11ns,0,3.49794e+06,6.56232e+06,1.42145e+06,7255.91
+8.69e+11ns,1,-3.70393e+06,-5.18369e+06,-3.17409e-10,30000
+8.69e+11ns,1,-3.70393e+06,-5.18369e+06,-3.17409e-10,30000
+8.7e+11ns,0,3.49041e+06,6.56687e+06,1.41898e+06,7255.91
+8.7e+11ns,1,-3.67948e+06,-5.20107e+06,-3.18474e-10,30000
+8.7e+11ns,1,-3.67948e+06,-5.20107e+06,-3.18474e-10,30000
+8.71e+11ns,0,3.48286e+06,6.5714e+06,1.41651e+06,7255.91
+8.71e+11ns,1,-3.65495e+06,-5.21834e+06,-3.19531e-10,30000
+8.71e+11ns,1,-3.65495e+06,-5.21834e+06,-3.19531e-10,30000
+8.72e+11ns,0,3.47532e+06,6.57593e+06,1.41404e+06,7255.91
+8.72e+11ns,1,-3.63034e+06,-5.23549e+06,-3.20581e-10,30000
+8.72e+11ns,1,-3.63034e+06,-5.23549e+06,-3.20581e-10,30000
+8.73e+11ns,0,3.46776e+06,6.58045e+06,1.41157e+06,7255.91
+8.73e+11ns,1,-3.60565e+06,-5.25253e+06,-3.21625e-10,30000
+8.73e+11ns,1,-3.60565e+06,-5.25253e+06,-3.21625e-10,30000
+8.74e+11ns,0,3.4602e+06,6.58495e+06,1.4091e+06,7255.91
+8.74e+11ns,1,-3.58087e+06,-5.26945e+06,-3.22661e-10,30000
+8.74e+11ns,1,-3.58087e+06,-5.26945e+06,-3.22661e-10,30000
+8.75e+11ns,0,3.45264e+06,6.58945e+06,1.40662e+06,7255.91
+8.75e+11ns,1,-3.55602e+06,-5.28625e+06,-3.2369e-10,30000
+8.75e+11ns,1,-3.55602e+06,-5.28625e+06,-3.2369e-10,30000
+8.76e+11ns,0,3.44507e+06,6.59394e+06,1.40415e+06,7255.91
+8.76e+11ns,1,-3.53109e+06,-5.30294e+06,-3.24711e-10,30000
+8.76e+11ns,1,-3.53109e+06,-5.30294e+06,-3.24711e-10,30000
+8.77e+11ns,0,3.4375e+06,6.59842e+06,1.40167e+06,7255.91
+8.77e+11ns,1,-3.50608e+06,-5.31951e+06,-3.25726e-10,30000
+8.77e+11ns,1,-3.50608e+06,-5.31951e+06,-3.25726e-10,30000
+8.78e+11ns,0,3.42992e+06,6.60289e+06,1.39919e+06,7255.91
+8.78e+11ns,1,-3.48099e+06,-5.33596e+06,-3.26733e-10,30000
+8.78e+11ns,1,-3.48099e+06,-5.33596e+06,-3.26733e-10,30000
+8.79e+11ns,0,3.42233e+06,6.60735e+06,1.39671e+06,7255.91
+8.79e+11ns,1,-3.45583e+06,-5.35229e+06,-3.27733e-10,30000
+8.79e+11ns,1,-3.45583e+06,-5.35229e+06,-3.27733e-10,30000
+8.8e+11ns,0,3.41475e+06,6.6118e+06,1.39422e+06,7255.91
+8.8e+11ns,1,-3.43059e+06,-5.3685e+06,-3.28726e-10,30000
+8.8e+11ns,1,-3.43059e+06,-5.3685e+06,-3.28726e-10,30000
+8.81e+11ns,0,3.40715e+06,6.61624e+06,1.39174e+06,7255.91
+8.81e+11ns,1,-3.40527e+06,-5.3846e+06,-3.29712e-10,30000
+8.81e+11ns,1,-3.40527e+06,-5.3846e+06,-3.29712e-10,30000
+8.82e+11ns,0,3.39955e+06,6.62067e+06,1.38925e+06,7255.91
+8.82e+11ns,1,-3.37988e+06,-5.40057e+06,-3.3069e-10,30000
+8.82e+11ns,1,-3.37988e+06,-5.40057e+06,-3.3069e-10,30000
+8.83e+11ns,0,3.39195e+06,6.62509e+06,1.38676e+06,7255.91
+8.83e+11ns,1,-3.35441e+06,-5.41643e+06,-3.31661e-10,30000
+8.83e+11ns,1,-3.35441e+06,-5.41643e+06,-3.31661e-10,30000
+8.84e+11ns,0,3.38434e+06,6.6295e+06,1.38427e+06,7255.91
+8.84e+11ns,1,-3.32887e+06,-5.43216e+06,-3.32624e-10,30000
+8.84e+11ns,1,-3.32887e+06,-5.43216e+06,-3.32624e-10,30000
+8.85e+11ns,0,3.37673e+06,6.6339e+06,1.38177e+06,7255.91
+8.85e+11ns,1,-3.30325e+06,-5.44778e+06,-3.3358e-10,30000
+8.85e+11ns,1,-3.30325e+06,-5.44778e+06,-3.3358e-10,30000
+8.86e+11ns,0,3.36911e+06,6.63829e+06,1.37928e+06,7255.91
+8.86e+11ns,1,-3.27756e+06,-5.46327e+06,-3.34529e-10,30000
+8.86e+11ns,1,-3.27756e+06,-5.46327e+06,-3.34529e-10,30000
+8.87e+11ns,0,3.36148e+06,6.64267e+06,1.37678e+06,7255.91
+8.87e+11ns,1,-3.2518e+06,-5.47865e+06,-3.3547e-10,30000
+8.87e+11ns,1,-3.2518e+06,-5.47865e+06,-3.3547e-10,30000
+8.88e+11ns,0,3.35385e+06,6.64704e+06,1.37428e+06,7255.91
+8.88e+11ns,1,-3.22597e+06,-5.4939e+06,-3.36404e-10,30000
+8.88e+11ns,1,-3.22597e+06,-5.4939e+06,-3.36404e-10,30000
+8.89e+11ns,0,3.34622e+06,6.65141e+06,1.37178e+06,7255.91
+8.89e+11ns,1,-3.20006e+06,-5.50903e+06,-3.37331e-10,30000
+8.89e+11ns,1,-3.20006e+06,-5.50903e+06,-3.37331e-10,30000
+8.9e+11ns,0,3.33858e+06,6.65576e+06,1.36928e+06,7255.91
+8.9e+11ns,1,-3.17408e+06,-5.52403e+06,-3.3825e-10,30000
+8.9e+11ns,1,-3.17408e+06,-5.52403e+06,-3.3825e-10,30000
+8.91e+11ns,0,3.33094e+06,6.6601e+06,1.36678e+06,7255.91
+8.91e+11ns,1,-3.14804e+06,-5.53892e+06,-3.39161e-10,30000
+8.91e+11ns,1,-3.14804e+06,-5.53892e+06,-3.39161e-10,30000
+8.92e+11ns,0,3.32329e+06,6.66444e+06,1.36427e+06,7255.91
+8.92e+11ns,1,-3.12192e+06,-5.55368e+06,-3.40065e-10,30000
+8.92e+11ns,1,-3.12192e+06,-5.55368e+06,-3.40065e-10,30000
+8.93e+11ns,0,3.31563e+06,6.66876e+06,1.36176e+06,7255.91
+8.93e+11ns,1,-3.09573e+06,-5.56832e+06,-3.40961e-10,30000
+8.93e+11ns,1,-3.09573e+06,-5.56832e+06,-3.40961e-10,30000
+8.94e+11ns,0,3.30797e+06,6.67307e+06,1.35925e+06,7255.91
+8.94e+11ns,1,-3.06948e+06,-5.58284e+06,-3.4185e-10,30000
+8.94e+11ns,1,-3.06948e+06,-5.58284e+06,-3.4185e-10,30000
+8.95e+11ns,0,3.30031e+06,6.67738e+06,1.35674e+06,7255.91
+8.95e+11ns,1,-3.04316e+06,-5.59723e+06,-3.42731e-10,30000
+8.95e+11ns,1,-3.04316e+06,-5.59723e+06,-3.42731e-10,30000
+8.96e+11ns,0,3.29264e+06,6.68167e+06,1.35423e+06,7255.91
+8.96e+11ns,1,-3.01677e+06,-5.61149e+06,-3.43605e-10,30000
+8.96e+11ns,1,-3.01677e+06,-5.61149e+06,-3.43605e-10,30000
+8.97e+11ns,0,3.28497e+06,6.68596e+06,1.35172e+06,7255.91
+8.97e+11ns,1,-2.99031e+06,-5.62564e+06,-3.44471e-10,30000
+8.97e+11ns,1,-2.99031e+06,-5.62564e+06,-3.44471e-10,30000
+8.98e+11ns,0,3.27729e+06,6.69023e+06,1.3492e+06,7255.91
+8.98e+11ns,1,-2.96379e+06,-5.63966e+06,-3.45329e-10,30000
+8.98e+11ns,1,-2.96379e+06,-5.63966e+06,-3.45329e-10,30000
+8.99e+11ns,0,3.26961e+06,6.6945e+06,1.34668e+06,7255.91
+8.99e+11ns,1,-2.9372e+06,-5.65355e+06,-3.4618e-10,30000
+8.99e+11ns,1,-2.9372e+06,-5.65355e+06,-3.4618e-10,30000
+9e+11ns,0,3.26192e+06,6.69875e+06,1.34416e+06,7255.91
+9e+11ns,1,-2.91054e+06,-5.66732e+06,-3.47023e-10,30000
+9e+11ns,1,-2.91054e+06,-5.66732e+06,-3.47023e-10,30000
+9.01e+11ns,0,3.25422e+06,6.703e+06,1.34164e+06,7255.91
+9.01e+11ns,1,-2.88383e+06,-5.68096e+06,-3.47858e-10,30000
+9.01e+11ns,1,-2.88383e+06,-5.68096e+06,-3.47858e-10,30000
+9.02e+11ns,0,3.24653e+06,6.70724e+06,1.33912e+06,7255.91
+9.02e+11ns,1,-2.85704e+06,-5.69448e+06,-3.48686e-10,30000
+9.02e+11ns,1,-2.85704e+06,-5.69448e+06,-3.48686e-10,30000
+9.03e+11ns,0,3.23882e+06,6.71146e+06,1.33659e+06,7255.91
+9.03e+11ns,1,-2.8302e+06,-5.70787e+06,-3.49506e-10,30000
+9.03e+11ns,1,-2.8302e+06,-5.70787e+06,-3.49506e-10,30000
+9.04e+11ns,0,3.23112e+06,6.71568e+06,1.33406e+06,7255.91
+9.04e+11ns,1,-2.80329e+06,-5.72113e+06,-3.50318e-10,30000
+9.04e+11ns,1,-2.80329e+06,-5.72113e+06,-3.50318e-10,30000
+9.05e+11ns,0,3.22341e+06,6.71988e+06,1.33154e+06,7255.91
+9.05e+11ns,1,-2.77632e+06,-5.73427e+06,-3.51123e-10,30000
+9.05e+11ns,1,-2.77632e+06,-5.73427e+06,-3.51123e-10,30000
+9.06e+11ns,0,3.21569e+06,6.72408e+06,1.32901e+06,7255.91
+9.06e+11ns,1,-2.74929e+06,-5.74728e+06,-3.51919e-10,30000
+9.06e+11ns,1,-2.74929e+06,-5.74728e+06,-3.51919e-10,30000
+9.07e+11ns,0,3.20797e+06,6.72827e+06,1.32647e+06,7255.91
+9.07e+11ns,1,-2.72219e+06,-5.76016e+06,-3.52708e-10,30000
+9.07e+11ns,1,-2.72219e+06,-5.76016e+06,-3.52708e-10,30000
+9.08e+11ns,0,3.20024e+06,6.73245e+06,1.32394e+06,7255.91
+9.08e+11ns,1,-2.69504e+06,-5.77291e+06,-3.53489e-10,30000
+9.08e+11ns,1,-2.69504e+06,-5.77291e+06,-3.53489e-10,30000
+9.09e+11ns,0,3.19251e+06,6.73661e+06,1.32141e+06,7255.91
+9.09e+11ns,1,-2.66782e+06,-5.78554e+06,-3.54262e-10,30000
+9.09e+11ns,1,-2.66782e+06,-5.78554e+06,-3.54262e-10,30000
+9.1e+11ns,0,3.18477e+06,6.74077e+06,1.31887e+06,7255.91
+9.1e+11ns,1,-2.64055e+06,-5.79804e+06,-3.55027e-10,30000
+9.1e+11ns,1,-2.64055e+06,-5.79804e+06,-3.55027e-10,30000
+9.11e+11ns,0,3.17703e+06,6.74492e+06,1.31633e+06,7255.91
+9.11e+11ns,1,-2.61322e+06,-5.81041e+06,-3.55785e-10,30000
+9.11e+11ns,1,-2.61322e+06,-5.81041e+06,-3.55785e-10,30000
+9.12e+11ns,0,3.16929e+06,6.74906e+06,1.31379e+06,7255.91
+9.12e+11ns,1,-2.58583e+06,-5.82265e+06,-3.56534e-10,30000
+9.12e+11ns,1,-2.58583e+06,-5.82265e+06,-3.56534e-10,30000
+9.13e+11ns,0,3.16154e+06,6.75318e+06,1.31125e+06,7255.91
+9.13e+11ns,1,-2.55839e+06,-5.83476e+06,-3.57276e-10,30000
+9.13e+11ns,1,-2.55839e+06,-5.83476e+06,-3.57276e-10,30000
+9.14e+11ns,0,3.15378e+06,6.7573e+06,1.3087e+06,7255.91
+9.14e+11ns,1,-2.53088e+06,-5.84674e+06,-3.5801e-10,30000
+9.14e+11ns,1,-2.53088e+06,-5.84674e+06,-3.5801e-10,30000
+9.15e+11ns,0,3.14602e+06,6.76141e+06,1.30616e+06,7255.91
+9.15e+11ns,1,-2.50332e+06,-5.85859e+06,-3.58735e-10,30000
+9.15e+11ns,1,-2.50332e+06,-5.85859e+06,-3.58735e-10,30000
+9.16e+11ns,0,3.13826e+06,6.76551e+06,1.30361e+06,7255.91
+9.16e+11ns,1,-2.47571e+06,-5.87032e+06,-3.59453e-10,30000
+9.16e+11ns,1,-2.47571e+06,-5.87032e+06,-3.59453e-10,30000
+9.17e+11ns,0,3.13049e+06,6.7696e+06,1.30106e+06,7255.91
+9.17e+11ns,1,-2.44804e+06,-5.88191e+06,-3.60163e-10,30000
+9.17e+11ns,1,-2.44804e+06,-5.88191e+06,-3.60163e-10,30000
+9.18e+11ns,0,3.12272e+06,6.77368e+06,1.29851e+06,7255.91
+9.18e+11ns,1,-2.42031e+06,-5.89337e+06,-3.60865e-10,30000
+9.18e+11ns,1,-2.42031e+06,-5.89337e+06,-3.60865e-10,30000
+9.19e+11ns,0,3.11494e+06,6.77774e+06,1.29596e+06,7255.91
+9.19e+11ns,1,-2.39254e+06,-5.9047e+06,-3.61559e-10,30000
+9.19e+11ns,1,-2.39254e+06,-5.9047e+06,-3.61559e-10,30000
+9.2e+11ns,0,3.10716e+06,6.7818e+06,1.2934e+06,7255.91
+9.2e+11ns,1,-2.36471e+06,-5.9159e+06,-3.62245e-10,30000
+9.2e+11ns,1,-2.36471e+06,-5.9159e+06,-3.62245e-10,30000
+9.21e+11ns,0,3.09937e+06,6.78585e+06,1.29085e+06,7255.91
+9.21e+11ns,1,-2.33682e+06,-5.92697e+06,-3.62922e-10,30000
+9.21e+11ns,1,-2.33682e+06,-5.92697e+06,-3.62922e-10,30000
+9.22e+11ns,0,3.09158e+06,6.78989e+06,1.28829e+06,7255.91
+9.22e+11ns,1,-2.30889e+06,-5.93791e+06,-3.63592e-10,30000
+9.22e+11ns,1,-2.30889e+06,-5.93791e+06,-3.63592e-10,30000
+9.23e+11ns,0,3.08378e+06,6.79392e+06,1.28573e+06,7255.91
+9.23e+11ns,1,-2.2809e+06,-5.94872e+06,-3.64254e-10,30000
+9.23e+11ns,1,-2.2809e+06,-5.94872e+06,-3.64254e-10,30000
+9.24e+11ns,0,3.07598e+06,6.79794e+06,1.28317e+06,7255.91
+9.24e+11ns,1,-2.25287e+06,-5.95939e+06,-3.64908e-10,30000
+9.24e+11ns,1,-2.25287e+06,-5.95939e+06,-3.64908e-10,30000
+9.25e+11ns,0,3.06818e+06,6.80195e+06,1.28061e+06,7255.91
+9.25e+11ns,1,-2.22478e+06,-5.96993e+06,-3.65553e-10,30000
+9.25e+11ns,1,-2.22478e+06,-5.96993e+06,-3.65553e-10,30000
+9.26e+11ns,0,3.06037e+06,6.80595e+06,1.27805e+06,7255.91
+9.26e+11ns,1,-2.19664e+06,-5.98034e+06,-3.6619e-10,30000
+9.26e+11ns,1,-2.19664e+06,-5.98034e+06,-3.6619e-10,30000
+9.27e+11ns,0,3.05255e+06,6.80994e+06,1.27548e+06,7255.91
+9.27e+11ns,1,-2.16846e+06,-5.99062e+06,-3.6682e-10,30000
+9.27e+11ns,1,-2.16846e+06,-5.99062e+06,-3.6682e-10,30000
+9.28e+11ns,0,3.04473e+06,6.81392e+06,1.27291e+06,7255.91
+9.28e+11ns,1,-2.14023e+06,-6.00077e+06,-3.67441e-10,30000
+9.28e+11ns,1,-2.14023e+06,-6.00077e+06,-3.67441e-10,30000
+9.29e+11ns,0,3.03691e+06,6.81789e+06,1.27034e+06,7255.91
+9.29e+11ns,1,-2.11195e+06,-6.01078e+06,-3.68054e-10,30000
+9.29e+11ns,1,-2.11195e+06,-6.01078e+06,-3.68054e-10,30000
+9.3e+11ns,0,3.02908e+06,6.82185e+06,1.26777e+06,7255.91
+9.3e+11ns,1,-2.08362e+06,-6.02066e+06,-3.68659e-10,30000
+9.3e+11ns,1,-2.08362e+06,-6.02066e+06,-3.68659e-10,30000
+9.31e+11ns,0,3.02125e+06,6.8258e+06,1.2652e+06,7255.91
+9.31e+11ns,1,-2.05524e+06,-6.0304e+06,-3.69256e-10,30000
+9.31e+11ns,1,-2.05524e+06,-6.0304e+06,-3.69256e-10,30000
+9.32e+11ns,0,3.01341e+06,6.82974e+06,1.26263e+06,7255.91
+9.32e+11ns,1,-2.02683e+06,-6.04001e+06,-3.69844e-10,30000
+9.32e+11ns,1,-2.02683e+06,-6.04001e+06,-3.69844e-10,30000
+9.33e+11ns,0,3.00557e+06,6.83367e+06,1.26005e+06,7255.91
+9.33e+11ns,1,-1.99836e+06,-6.04949e+06,-3.70424e-10,30000
+9.33e+11ns,1,-1.99836e+06,-6.04949e+06,-3.70424e-10,30000
+9.34e+11ns,0,2.99772e+06,6.83759e+06,1.25747e+06,7255.91
+9.34e+11ns,1,-1.96985e+06,-6.05883e+06,-3.70996e-10,30000
+9.34e+11ns,1,-1.96985e+06,-6.05883e+06,-3.70996e-10,30000
+9.35e+11ns,0,2.98987e+06,6.8415e+06,1.25489e+06,7255.91
+9.35e+11ns,1,-1.9413e+06,-6.06804e+06,-3.7156e-10,30000
+9.35e+11ns,1,-1.9413e+06,-6.06804e+06,-3.7156e-10,30000
+9.36e+11ns,0,2.98202e+06,6.8454e+06,1.25231e+06,7255.91
+9.36e+11ns,1,-1.91271e+06,-6.07711e+06,-3.72116e-10,30000
+9.36e+11ns,1,-1.91271e+06,-6.07711e+06,-3.72116e-10,30000
+9.37e+11ns,0,2.97416e+06,6.84929e+06,1.24973e+06,7255.91
+9.37e+11ns,1,-1.88407e+06,-6.08605e+06,-3.72663e-10,30000
+9.37e+11ns,1,-1.88407e+06,-6.08605e+06,-3.72663e-10,30000
+9.38e+11ns,0,2.9663e+06,6.85317e+06,1.24715e+06,7255.91
+9.38e+11ns,1,-1.85539e+06,-6.09486e+06,-3.73202e-10,30000
+9.38e+11ns,1,-1.85539e+06,-6.09486e+06,-3.73202e-10,30000
+9.39e+11ns,0,2.95843e+06,6.85704e+06,1.24456e+06,7255.91
+9.39e+11ns,1,-1.82667e+06,-6.10353e+06,-3.73733e-10,30000
+9.39e+11ns,1,-1.82667e+06,-6.10353e+06,-3.73733e-10,30000
+9.4e+11ns,0,2.95056e+06,6.8609e+06,1.24198e+06,7255.91
+9.4e+11ns,1,-1.79791e+06,-6.11206e+06,-3.74256e-10,30000
+9.4e+11ns,1,-1.79791e+06,-6.11206e+06,-3.74256e-10,30000
+9.41e+11ns,0,2.94268e+06,6.86475e+06,1.23939e+06,7255.91
+9.41e+11ns,1,-1.76911e+06,-6.12046e+06,-3.7477e-10,30000
+9.41e+11ns,1,-1.76911e+06,-6.12046e+06,-3.7477e-10,30000
+9.42e+11ns,0,2.9348e+06,6.86859e+06,1.2368e+06,7255.91
+9.42e+11ns,1,-1.74027e+06,-6.12872e+06,-3.75276e-10,30000
+9.42e+11ns,1,-1.74027e+06,-6.12872e+06,-3.75276e-10,30000
+9.43e+11ns,0,2.92691e+06,6.87242e+06,1.23421e+06,7255.91
+9.43e+11ns,1,-1.71139e+06,-6.13685e+06,-3.75774e-10,30000
+9.43e+11ns,1,-1.71139e+06,-6.13685e+06,-3.75774e-10,30000
+9.44e+11ns,0,2.91902e+06,6.87624e+06,1.23161e+06,7255.91
+9.44e+11ns,1,-1.68248e+06,-6.14484e+06,-3.76263e-10,30000
+9.44e+11ns,1,-1.68248e+06,-6.14484e+06,-3.76263e-10,30000
+9.45e+11ns,0,2.91113e+06,6.88005e+06,1.22902e+06,7255.91
+9.45e+11ns,1,-1.65352e+06,-6.15269e+06,-3.76744e-10,30000
+9.45e+11ns,1,-1.65352e+06,-6.15269e+06,-3.76744e-10,30000
+9.46e+11ns,0,2.90323e+06,6.88385e+06,1.22642e+06,7255.91
+9.46e+11ns,1,-1.62453e+06,-6.16041e+06,-3.77216e-10,30000
+9.46e+11ns,1,-1.62453e+06,-6.16041e+06,-3.77216e-10,30000
+9.47e+11ns,0,2.89533e+06,6.88764e+06,1.22382e+06,7255.91
+9.47e+11ns,1,-1.59551e+06,-6.16799e+06,-3.77681e-10,30000
+9.47e+11ns,1,-1.59551e+06,-6.16799e+06,-3.77681e-10,30000
+9.48e+11ns,0,2.88742e+06,6.89141e+06,1.22122e+06,7255.91
+9.48e+11ns,1,-1.56644e+06,-6.17544e+06,-3.78136e-10,30000
+9.48e+11ns,1,-1.56644e+06,-6.17544e+06,-3.78136e-10,30000
+9.49e+11ns,0,2.87951e+06,6.89518e+06,1.21862e+06,7255.91
+9.49e+11ns,1,-1.53735e+06,-6.18274e+06,-3.78584e-10,30000
+9.49e+11ns,1,-1.53735e+06,-6.18274e+06,-3.78584e-10,30000
+9.5e+11ns,0,2.87159e+06,6.89894e+06,1.21602e+06,7255.91
+9.5e+11ns,1,-1.50822e+06,-6.18991e+06,-3.79023e-10,30000
+9.5e+11ns,1,-1.50822e+06,-6.18991e+06,-3.79023e-10,30000
+9.51e+11ns,0,2.86367e+06,6.90269e+06,1.21341e+06,7255.91
+9.51e+11ns,1,-1.47905e+06,-6.19695e+06,-3.79454e-10,30000
+9.51e+11ns,1,-1.47905e+06,-6.19695e+06,-3.79454e-10,30000
+9.52e+11ns,0,2.85575e+06,6.90643e+06,1.21081e+06,7255.91
+9.52e+11ns,1,-1.44986e+06,-6.20384e+06,-3.79876e-10,30000
+9.52e+11ns,1,-1.44986e+06,-6.20384e+06,-3.79876e-10,30000
+9.53e+11ns,0,2.84782e+06,6.91016e+06,1.2082e+06,7255.91
+9.53e+11ns,1,-1.42063e+06,-6.2106e+06,-3.8029e-10,30000
+9.53e+11ns,1,-1.42063e+06,-6.2106e+06,-3.8029e-10,30000
+9.54e+11ns,0,2.83989e+06,6.91388e+06,1.20559e+06,7255.91
+9.54e+11ns,1,-1.39137e+06,-6.21722e+06,-3.80695e-10,30000
+9.54e+11ns,1,-1.39137e+06,-6.21722e+06,-3.80695e-10,30000
+9.55e+11ns,0,2.83195e+06,6.91759e+06,1.20298e+06,7255.91
+9.55e+11ns,1,-1.36208e+06,-6.2237e+06,-3.81092e-10,30000
+9.55e+11ns,1,-1.36208e+06,-6.2237e+06,-3.81092e-10,30000
+9.56e+11ns,0,2.82401e+06,6.92129e+06,1.20037e+06,7255.91
+9.56e+11ns,1,-1.33276e+06,-6.23005e+06,-3.81481e-10,30000
+9.56e+11ns,1,-1.33276e+06,-6.23005e+06,-3.81481e-10,30000
+9.57e+11ns,0,2.81606e+06,6.92498e+06,1.19775e+06,7255.91
+9.57e+11ns,1,-1.3034e+06,-6.23626e+06,-3.81861e-10,30000
+9.57e+11ns,1,-1.3034e+06,-6.23626e+06,-3.81861e-10,30000
+9.58e+11ns,0,2.80812e+06,6.92866e+06,1.19514e+06,7255.91
+9.58e+11ns,1,-1.27402e+06,-6.24232e+06,-3.82232e-10,30000
+9.58e+11ns,1,-1.27402e+06,-6.24232e+06,-3.82232e-10,30000
+9.59e+11ns,0,2.80016e+06,6.93233e+06,1.19252e+06,7255.91
+9.59e+11ns,1,-1.24462e+06,-6.24825e+06,-3.82595e-10,30000
+9.59e+11ns,1,-1.24462e+06,-6.24825e+06,-3.82595e-10,30000
+9.6e+11ns,0,2.7922e+06,6.93599e+06,1.1899e+06,7255.91
+9.6e+11ns,1,-1.21518e+06,-6.25405e+06,-3.8295e-10,30000
+9.6e+11ns,1,-1.21518e+06,-6.25405e+06,-3.8295e-10,30000
+9.61e+11ns,0,2.78424e+06,6.93963e+06,1.18728e+06,7255.91
+9.61e+11ns,1,-1.18572e+06,-6.2597e+06,-3.83296e-10,30000
+9.61e+11ns,1,-1.18572e+06,-6.2597e+06,-3.83296e-10,30000
+9.62e+11ns,0,2.77628e+06,6.94327e+06,1.18466e+06,7255.91
+9.62e+11ns,1,-1.15623e+06,-6.26521e+06,-3.83634e-10,30000
+9.62e+11ns,1,-1.15623e+06,-6.26521e+06,-3.83634e-10,30000
+9.63e+11ns,0,2.76831e+06,6.9469e+06,1.18204e+06,7255.91
+9.63e+11ns,1,-1.12672e+06,-6.27059e+06,-3.83963e-10,30000
+9.63e+11ns,1,-1.12672e+06,-6.27059e+06,-3.83963e-10,30000
+9.64e+11ns,0,2.76033e+06,6.95052e+06,1.17941e+06,7255.91
+9.64e+11ns,1,-1.09718e+06,-6.27582e+06,-3.84283e-10,30000
+9.64e+11ns,1,-1.09718e+06,-6.27582e+06,-3.84283e-10,30000
+9.65e+11ns,0,2.75235e+06,6.95413e+06,1.17679e+06,7255.91
+9.65e+11ns,1,-1.06761e+06,-6.28092e+06,-3.84595e-10,30000
+9.65e+11ns,1,-1.06761e+06,-6.28092e+06,-3.84595e-10,30000
+9.66e+11ns,0,2.74437e+06,6.95773e+06,1.17416e+06,7255.91
+9.66e+11ns,1,-1.03802e+06,-6.28588e+06,-3.84899e-10,30000
+9.66e+11ns,1,-1.03802e+06,-6.28588e+06,-3.84899e-10,30000
+9.67e+11ns,0,2.73639e+06,6.96131e+06,1.17153e+06,7255.91
+9.67e+11ns,1,-1.00841e+06,-6.2907e+06,-3.85194e-10,30000
+9.67e+11ns,1,-1.00841e+06,-6.2907e+06,-3.85194e-10,30000
+9.68e+11ns,0,2.7284e+06,6.96489e+06,1.1689e+06,7255.91
+9.68e+11ns,1,-978781,-6.29537e+06,-3.85481e-10,30000
+9.68e+11ns,1,-978781,-6.29537e+06,-3.85481e-10,30000
+9.69e+11ns,0,2.7204e+06,6.96846e+06,1.16627e+06,7255.91
+9.69e+11ns,1,-949126,-6.29991e+06,-3.85758e-10,30000
+9.69e+11ns,1,-949126,-6.29991e+06,-3.85758e-10,30000
+9.7e+11ns,0,2.7124e+06,6.97202e+06,1.16363e+06,7255.91
+9.7e+11ns,1,-919451,-6.30431e+06,-3.86028e-10,30000
+9.7e+11ns,1,-919451,-6.30431e+06,-3.86028e-10,30000
+9.71e+11ns,0,2.7044e+06,6.97556e+06,1.161e+06,7255.91
+9.71e+11ns,1,-889755,-6.30857e+06,-3.86289e-10,30000
+9.71e+11ns,1,-889755,-6.30857e+06,-3.86289e-10,30000
+9.72e+11ns,0,2.69639e+06,6.9791e+06,1.15836e+06,7255.91
+9.72e+11ns,1,-860039,-6.31269e+06,-3.86541e-10,30000
+9.72e+11ns,1,-860039,-6.31269e+06,-3.86541e-10,30000
+9.73e+11ns,0,2.68838e+06,6.98263e+06,1.15572e+06,7255.91
+9.73e+11ns,1,-830304,-6.31667e+06,-3.86785e-10,30000
+9.73e+11ns,1,-830304,-6.31667e+06,-3.86785e-10,30000
+9.74e+11ns,0,2.68037e+06,6.98614e+06,1.15308e+06,7255.91
+9.74e+11ns,1,-800551,-6.32051e+06,-3.8702e-10,30000
+9.74e+11ns,1,-800551,-6.32051e+06,-3.8702e-10,30000
+9.75e+11ns,0,2.67235e+06,6.98965e+06,1.15044e+06,7255.91
+9.75e+11ns,1,-770780,-6.32421e+06,-3.87246e-10,30000
+9.75e+11ns,1,-770780,-6.32421e+06,-3.87246e-10,30000
+9.76e+11ns,0,2.66433e+06,6.99315e+06,1.1478e+06,7255.91
+9.76e+11ns,1,-740992,-6.32777e+06,-3.87464e-10,30000
+9.76e+11ns,1,-740992,-6.32777e+06,-3.87464e-10,30000
+9.77e+11ns,0,2.6563e+06,6.99663e+06,1.14516e+06,7255.91
+9.77e+11ns,1,-711187,-6.33119e+06,-3.87674e-10,30000
+9.77e+11ns,1,-711187,-6.33119e+06,-3.87674e-10,30000
+9.78e+11ns,0,2.64827e+06,7.00011e+06,1.14251e+06,7255.91
+9.78e+11ns,1,-681367,-6.33447e+06,-3.87874e-10,30000
+9.78e+11ns,1,-681367,-6.33447e+06,-3.87874e-10,30000
+9.79e+11ns,0,2.64024e+06,7.00357e+06,1.13986e+06,7255.91
+9.79e+11ns,1,-651532,-6.33761e+06,-3.88067e-10,30000
+9.79e+11ns,1,-651532,-6.33761e+06,-3.88067e-10,30000
+9.8e+11ns,0,2.6322e+06,7.00703e+06,1.13721e+06,7255.91
+9.8e+11ns,1,-621682,-6.3406e+06,-3.8825e-10,30000
+9.8e+11ns,1,-621682,-6.3406e+06,-3.8825e-10,30000
+9.81e+11ns,0,2.62416e+06,7.01047e+06,1.13456e+06,7255.91
+9.81e+11ns,1,-591818,-6.34346e+06,-3.88425e-10,30000
+9.81e+11ns,1,-591818,-6.34346e+06,-3.88425e-10,30000
+9.82e+11ns,0,2.61611e+06,7.01391e+06,1.13191e+06,7255.91
+9.82e+11ns,1,-561941,-6.34618e+06,-3.88591e-10,30000
+9.82e+11ns,1,-561941,-6.34618e+06,-3.88591e-10,30000
+9.83e+11ns,0,2.60806e+06,7.01733e+06,1.12926e+06,7255.91
+9.83e+11ns,1,-532052,-6.34875e+06,-3.88749e-10,30000
+9.83e+11ns,1,-532052,-6.34875e+06,-3.88749e-10,30000
+9.84e+11ns,0,2.60001e+06,7.02075e+06,1.1266e+06,7255.91
+9.84e+11ns,1,-502151,-6.35119e+06,-3.88898e-10,30000
+9.84e+11ns,1,-502151,-6.35119e+06,-3.88898e-10,30000
+9.85e+11ns,0,2.59195e+06,7.02415e+06,1.12395e+06,7255.91
+9.85e+11ns,1,-472239,-6.35348e+06,-3.89039e-10,30000
+9.85e+11ns,1,-472239,-6.35348e+06,-3.89039e-10,30000
+9.86e+11ns,0,2.58389e+06,7.02755e+06,1.12129e+06,7255.91
+9.86e+11ns,1,-442317,-6.35564e+06,-3.8917e-10,30000
+9.86e+11ns,1,-442317,-6.35564e+06,-3.8917e-10,30000
+9.87e+11ns,0,2.57582e+06,7.03093e+06,1.11863e+06,7255.91
+9.87e+11ns,1,-412384,-6.35765e+06,-3.89294e-10,30000
+9.87e+11ns,1,-412384,-6.35765e+06,-3.89294e-10,30000
+9.88e+11ns,0,2.56775e+06,7.0343e+06,1.11597e+06,7255.91
+9.88e+11ns,1,-382443,-6.35952e+06,-3.89408e-10,30000
+9.88e+11ns,1,-382443,-6.35952e+06,-3.89408e-10,30000
+9.89e+11ns,0,2.55968e+06,7.03767e+06,1.11331e+06,7255.91
+9.89e+11ns,1,-352493,-6.36125e+06,-3.89514e-10,30000
+9.89e+11ns,1,-352493,-6.36125e+06,-3.89514e-10,30000
+9.9e+11ns,0,2.5516e+06,7.04102e+06,1.11065e+06,7255.91
+9.9e+11ns,1,-322535,-6.36284e+06,-3.89612e-10,30000
+9.9e+11ns,1,-322535,-6.36284e+06,-3.89612e-10,30000
+9.91e+11ns,0,2.54352e+06,7.04436e+06,1.10798e+06,7255.91
+9.91e+11ns,1,-292570,-6.36429e+06,-3.897e-10,30000
+9.91e+11ns,1,-292570,-6.36429e+06,-3.897e-10,30000
+9.92e+11ns,0,2.53544e+06,7.04769e+06,1.10531e+06,7255.91
+9.92e+11ns,1,-262598,-6.36559e+06,-3.8978e-10,30000
+9.92e+11ns,1,-262598,-6.36559e+06,-3.8978e-10,30000
+9.93e+11ns,0,2.52735e+06,7.05102e+06,1.10265e+06,7255.91
+9.93e+11ns,1,-232621,-6.36676e+06,-3.89852e-10,30000
+9.93e+11ns,1,-232621,-6.36676e+06,-3.89852e-10,30000
+9.94e+11ns,0,2.51926e+06,7.05433e+06,1.09998e+06,7255.91
+9.94e+11ns,1,-202638,-6.36779e+06,-3.89914e-10,30000
+9.94e+11ns,1,-202638,-6.36779e+06,-3.89914e-10,30000
+9.95e+11ns,0,2.51116e+06,7.05763e+06,1.09731e+06,7255.91
+9.95e+11ns,1,-172651,-6.36867e+06,-3.89969e-10,30000
+9.95e+11ns,1,-172651,-6.36867e+06,-3.89969e-10,30000
+9.96e+11ns,0,2.50307e+06,7.06092e+06,1.09464e+06,7255.91
+9.96e+11ns,1,-142661,-6.36941e+06,-3.90014e-10,30000
+9.96e+11ns,1,-142661,-6.36941e+06,-3.90014e-10,30000
+9.97e+11ns,0,2.49496e+06,7.0642e+06,1.09196e+06,7255.91
+9.97e+11ns,1,-112667,-6.37001e+06,-3.90051e-10,30000
+9.97e+11ns,1,-112667,-6.37001e+06,-3.90051e-10,30000
+9.98e+11ns,0,2.48686e+06,7.06747e+06,1.08929e+06,7255.91
+9.98e+11ns,1,-82670.3,-6.37047e+06,-3.90079e-10,30000
+9.98e+11ns,1,-82670.3,-6.37047e+06,-3.90079e-10,30000
+9.99e+11ns,0,2.47875e+06,7.07073e+06,1.08661e+06,7255.91
+9.99e+11ns,1,-52672,-6.37079e+06,-3.90098e-10,30000
+9.99e+11ns,1,-52672,-6.37079e+06,-3.90098e-10,30000
